Index,Supplierno,Name,Address,Mobile No,Email
1,8717bbf45cCDbEe,Shelia Mahoney,Dyerland,857.139.8239,pwarner@example.org
2,3d5AD30A4cD38ed,Jo Rivers,Brentshire,-10395,fergusonkatherine@example.net
3,810Ce0F276Badec,Sheryl Lowery,Port Traci,(599)782-0605,fhoward@example.org
4,BF2a889C00f0cE1,Whitney Hooper,Port Glenda,-7326,zjohnston@example.com
5,9afFEafAe1CBBB9,Lindsey Rice,Lake Robin,(390)417-1635x3010,elin@example.net
6,aF75e6dDEBC5b66,Sherry Caldwell,South Leehaven,8537800927,kaitlin13@example.net
7,efeb05c7Cc94EA3,Ernest Hoffman,Port Gilbertfort,093.655.7480x7895,jeffharvey@example.com
8,fb1BF3FED57E9d7,Doris Andersen,Dariusborough,4709522945,alicia33@example.org
9,421fAB9a3b98F30,Cheryl Mays,South Luisside,013.820.4758,jake50@example.com
10,4A42Fe10dB717CB,Harry Mitchell,Riosland,(560)903-5068x4985,lanechristina@example.net
11,44FAA9C3CE8DB2B,Casey Ayala,Maxwellport,8629884096,ncantu@example.com
12,86cCc6417942b4B,Sara Huff,South Bonniestad,+1-041-859-3844x272,kristy41@example.net
13,CDA21B6e83Cafe3,Eddie Barnes,Port Rachel,801.809.9181x37308,brandy23@example.com
14,1CC30c5F204332e,Ralph Lowe,West Tonistad,+1-511-127-6660x230,dleon@example.org
15,b4bE3BfBfeBC29e,Priscilla Davis,Tanyafurt,903.545.8947,latasha46@example.org
16,bFCFDdE5491caE8,Carly Abbott,Mataborough,(416)979-0633x058,stricklandomar@example.org
17,cEfCEAB1306DbCb,Nicolas Mckinney,Bradfort,244-054-8521x1913,twilkinson@example.com
18,aCefF56E59aAf75,Natasha Macias,South Marcus,(929)366-8549x3587,dorothymeza@example.com
19,CF091D6b9Dd4F9c,Courtney Jenkins,Johnsburgh,(973)243-9193,estesana@example.org
20,462EF46dcaab6EC,Perry Mcmahon,Lake Cassandrabury,060-611-9377x90160,allison66@example.net
21,7B247Ca7BbA098d,Emily Travis,East Kayla,601.838.8295x89942,jordankelley@example.com
22,dCdadA2bCcFFEAE,Meghan Hawkins,Port Barbaraport,668.063.9568x7257,ehatfield@example.com
23,d62fFce33bbccAC,Ernest Oconnell,Contrerasstad,-2715,lanedarius@example.com
24,3Cb9Fe3aB463dba,Norman Walton,North Billyport,(590)187-8007x273,samanthasummers@example.org
25,be6BBa9EBFeBFcc,Roger Sweeney,Blackport,-8153,leblancjohnathan@example.org
26,a902eE5EABd77DE,Ethan Wu,Lake Jacobtown,972.064.3833x5347,jay82@example.net
27,EEA3bcfe1c7aEAf,Catherine Myers,Lake Warren,(614)275-6966x22597,sara05@example.org
28,2Ab20Ed8CfE2D71,Catherine Nash,Terrymouth,(322)679-7824,nelsonlori@example.org
29,EC9BCcb3ccEAdE9,Corey Delgado,South Melinda,989.482.6130x996,phillip27@example.net
30,d6203591c7BEB4F,Hunter Hahn,Port Mariostad,975-190-7875x3293,jimsellers@example.com
31,f67cb59Eea96a23,Dakota Gomez,Haydenburgh,(291)853-7982x0123,jadecollier@example.com
32,94c6aF7DEe2Ad7A,Nathaniel Clarke,Donmouth,(984)863-5741x7054,george75@example.org
33,b1DC89E2d73F0b4,Marco Reyes,Jasonview,(977)846-8023,ramosjonathon@example.org
34,FECAedB175FD9f4,Todd Weber,Kristiborough,526-208-4712x10329,hessrachel@example.com
35,CB41aabFbB8AdDa,Bryan Vaughn,West Brandy,5642635347,fhughes@example.org
36,BcdffBD402E5A23,Adrienne Lambert,Port Seth,157.425.5345,marilyn91@example.org
37,b00f07E8F6Ecf6e,Seth Hess,Rhondaborough,600-706-8696x839,ebranch@example.net
38,8b8Aab259B2a00D,Stefanie Sherman,Lindseyberg,557-620-5663,rickeykelley@example.com
39,D060A3eacFBFAEE,Kent Velez,Bakerberg,000-364-9407x55677,hammonddestiny@example.org
40,DFAB00C01CcF860,Angela Huff,Tamiborough,(116)776-0713x4684,anitamckenzie@example.net
41,aDB35cb99a88358,Harry Moore,South Brandy,+1-932-606-8425x22206,debbieturner@example.net
42,0269CdeD7B3C8B0,Kristopher Barnes,Rickton,341.096.2708x237,frederick54@example.org
43,ddd2B9CcEBEe00E,Rachael Herrera,East Carla,+1-833-716-3269x028,msummers@example.net
44,355e6511Fa0ff55,Vincent Berger,Port Marilyn,-5558,shannonrandy@example.org
45,F2f91586dA8f7f5,Don Bolton,Lake Dale,001-313-023-3603x2485,kkey@example.net
46,99A502C175C4EBd,Olivia Duke,West Mathew,001-366-475-8607x04350,diana26@example.net
47,eEF6Cf6C10b1446,Erik Rosales,Port Andrea,(412)388-9715,alejandro41@example.net
48,3eD5c0dDBD0a7DC,Judith Wall,New Caitlyn,353.983.3416,marvinmolina@example.org
49,EbD7AF6EDF4831e,Chloe Ramirez,Vangmouth,355-371-5885x826,tblack@example.net
50,afF3018e9cdd1dA,George Mercer,East Donstad,+1-326-669-0118x4341,douglascontreras@example.net
51,CccE5DAb6E288e5,Jo Zavala,Billtown,001-859-448-9935x54536,pamela64@example.net
52,DfBDc3621D4bcec,Joshua Carey,Teresabury,001-274-739-8470x814,dianashepherd@example.net
53,f55b0A249f5E44D,Rickey Hobbs,New Karina,241.179.9509x498,ingramtiffany@example.org
54,Ed71DcfaBFd0beE,Robyn Reilly,Fisherberg,207.797.8345x6177,carriecrawford@example.org
55,FDaFD0c3f5387EC,Christina Conrad,East Rodney,001-599-042-7428x143,fuentesclaudia@example.net
56,998C3Fda97EfAff,Shelby Cole,West Wanda,663-280-5834,kaneaudrey@example.org
57,D7040faD2d368d8,Steve Donovan,Port Cole,258287997,rebekahsantos@example.net
58,3CEf7FDfACa48b7,Gina Little,Port Annefort,125.219.3673x0076,craig28@example.com
59,239dbABfd1d1B1e,Connie Dawson,Noahchester,650-748-3069x64529,connercourtney@example.net
60,4e03dA0BCAc82e3,Aaron Page,Marcoburgh,849.500.6331x717,harrygallagher@example.com
61,B2F0bdF85bfc7cA,Lance Bradshaw,Meyerport,001-231-320-5609x40384,pennymeyer@example.org
62,E923A19a2De032b,Mary Daniels,Hughesbury,001-937-255-8809x077,glencherry@example.org
63,11Ae1fbab4076b2,Yesenia Harding,East Pamville,(752)468-1821x6065,robertablackburn@example.com
64,14890EC026d5d43,Shane Reyes,South Christine,246-500-3955,jacquelinephelps@example.org
65,2eC6783b36315eF,Norma Olson,Jacksonfurt,826-156-4347x8894,nealtristan@example.org
66,bd79EF2c2a3bad3,Melinda Haas,East Albertborough,3448565378,wernermatthew@example.org
67,D5BDdFA8A0baa18,Darrell Fuller,East Sherri,173701718,shannonmahoney@example.org
68,9de346CD67Bea2f,Priscilla Valenzuela,East Ambermouth,939.856.5702,jsantos@example.net
69,d2adC15ceDc8Adf,Karla Steele,Russelltown,+1-153-975-9160x54877,gwendolyn67@example.org
70,D88FB59Ed3efac7,Alexandria Mcguire,Sherriborough,861113397,zalvarado@example.org
71,EBFf87b4dbdcFbD,Joanna Doyle,West Rickyton,757.454.8723x425,barbaralowe@example.com
72,32fbdA8e70AeB2d,Lydia Neal,Port Olivia,632.827.2115,jeffrey19@example.org
73,DbFcEF27decA754,Darryl Meyer,Leonardside,464-501-0971x93579,robynwoodard@example.org
74,6c89bB8bB7DeADB,Alice Harding,Lake Shelby,(192)564-7672,hickmanapril@example.org
75,0Fe59D998cacdd5,Seth Pratt,Marciaside,+1-153-763-3245x239,lawsonsheri@example.org
76,f93C8B8c2FfB46e,Amy Payne,South Wandamouth,549.897.3335,gibsonjames@example.com
77,c380Ce9B006eD2D,Vickie Mccoy,East Glen,9183232835,costacameron@example.net
78,aCBb2be896F7EFE,Hector Sparks,Moralesbury,777.238.3474,kendra27@example.com
79,6C2EA6b5e2eda3C,Colin Conley,Port Jesse,717.061.0941,glenn29@example.net
80,2B55d6d7B39C4D8,Joshua Grant,Frederickfurt,974.866.5670,ndodson@example.org
81,f6ac8CfF7ac94cc,Yesenia Key,Jordanhaven,+1-006-497-5864x90856,hreid@example.net
82,fEE61DcbEb41633,Meghan Humphrey,Manuelfort,890-134-1311,parrishbenjamin@example.net
83,8Bac76db335CcCf,Eddie Daniels,New Stacyborough,475.777.8494x2737,woodsjerry@example.org
84,2BAFB7b410ebE3f,Joyce Abbott,Reneemouth,673.878.6558x33809,dporter@example.net
85,C76ae7aAFcbB2cA,Isaiah Olson,North Tanya,406-298-3045,franciscoshah@example.net
86,9f887e71eee4b58,Curtis Haney,Solomonside,-4791,ofletcher@example.com
87,cdDbF70fBdfdCaD,Devon Henry,West Joyceside,(839)224-3577,brandy99@example.net
88,EAE9F073c808ccc,Jordan Long,Port Kirsten,-7461,scottspence@example.com
89,daBacFb2F431Dfb,Tom Mccarty,North Belindaborough,+1-008-555-9017x5699,thomasjefferson@example.com
90,1187FDb1d7C98B0,Bethany Davila,Zamorachester,(021)896-7173,ashley45@example.net
91,690145e7Daff789,Ariel Blankenship,New Terri,412659505,baileyblake@example.net
92,87bf311C37DC95E,Jaclyn Mclean,Anitaburgh,894-297-7449x0521,zavalamackenzie@example.com
93,CDF04Db0f9AbD34,Stephanie Donovan,East Joe,5419583323,mandyvillarreal@example.com
94,fe3E1A26dc62DA6,Carly Brooks,Mooneyburgh,358.163.4148x2319,fmelendez@example.org
95,cEb6af0Da7E6707,Dominique Stevenson,Rebekahmouth,(638)229-8203x412,bennettmisty@example.org
96,3c3e7EB7afBFb5d,Doris Holmes,South Valerie,7631450835,nguyentonya@example.net
97,DFAbEADF85F6245,Joe Acevedo,Paulside,1289379504,lori87@example.net
98,e5d840eE5BB6e03,Tony Melendez,North Tanyabury,-2840,riveralaura@example.net
99,DdB70783c1181Ad,Lydia Vargas,Pamelastad,(656)329-5478,carly49@example.com
100,7f83AADE353F5ad,Matthew Yoder,West Joy,702.591.8573,druiz@example.org
101,631e880aee8B16B,Laura Bishop,Geoffreyburgh,3696493045,stoutjennifer@example.org
102,cB5e9a6b2dcCa90,Vernon Terry,Briannashire,343-058-6684,haysmario@example.net
103,bA3e5C6ADeBF8E1,Roberta Hodge,New Cathy,+1-997-465-0335x4485,kfoley@example.com
104,98B4EeDf0aF2d88,Janet Heath,North Glenda,436.750.6198x86373,nramos@example.org
105,bcf0DEa3a7585Fd,Taylor Paul,North Natashafort,-10455,hector24@example.net
106,AB5a29077eDc170,Ariana Potter,Rossstad,001-206-682-7783x4353,malonenina@example.org
107,24e1fa8cf0c7BD5,Dave Myers,Ronniebury,064-606-7086,beanfrederick@example.com
108,49F56fAC4632C31,Beth Harrington,Rebeccafort,001-371-758-0962x02689,simmonsbrenda@example.net
109,69d6EEBb6B1D58b,Diamond Spence,South Baileytown,461-212-2090x4522,hrogers@example.org
110,620D4D12cbE3c3F,Timothy Weeks,East Rossville,5528746828,smiranda@example.net
111,aA6A5Db8E06C3b1,Victor Castro,West Parkerbury,(443)703-9896x46775,barbara05@example.com
112,120b4B8Ab9f96C0,Samantha Harris,Terrifurt,948-848-5407x6058,wthompson@example.com
113,Ebd38C6201E6bea,Priscilla Bean,Joanmouth,976.976.4060x497,galvanamanda@example.net
114,AcBD2EfE48eEa4F,Erica Atkins,Alexaville,743-835-6511,bradycain@example.org
115,D4d937A95711EcE,Tonya Blankenship,Castilloview,001-385-949-1206x66591,summer68@example.org
116,f9dd0F20DDC20a9,Diane Small,East Miranda,(918)520-3208x3647,cuevasyesenia@example.com
117,BC1Df0060C2cfDc,Karl Floyd,West Lukestad,001-017-417-0832x943,franklincarroll@example.org
118,625CCE85FfAA2E6,Dana Higgins,Terrimouth,001-414-299-1667,pnielsen@example.org
119,736A87324dd4E3b,Neil Sawyer,South Cesarbury,-9961,angiecosta@example.com
120,4aE4ecaBd55f3C6,Julia Acosta,North Loganport,907-736-0570,saradoyle@example.net
121,A33b2e2A7509599,Brandy Carpenter,Hatfieldfort,(770)225-7292x865,jcraig@example.com
122,97f2a3845Ac6aF7,Darren Manning,Henrymouth,(278)176-8091x59960,ocurtis@example.org
123,363BC822BADd5f7,Roger Beasley,Parkborough,8399917932,oochoa@example.com
124,201FF92c4c85ef7,Albert Tyler,Lake Lucastown,989.634.0396,careyteresa@example.com
125,18bc6EeCCE1f1C2,Tracie Mooney,New Garyland,291.587.2513x569,nicolas31@example.com
126,1Bb45198c473530,Tim Ponce,Anneville,001-183-061-5706,sblair@example.net
127,b17FbED51F5E6dc,Margaret Carr,South Chris,392.522.2649x43694,kara78@example.com
128,a2A4fd285DAD2b4,Autumn Davis,Caitlinland,(074)697-9276x0345,sierrabrock@example.com
129,eAdCa2bd47Bbd5e,Christina Hendrix,Drakechester,283.514.2546,cchandler@example.org
130,6b03e33eEddCFC7,Andrew Holden,Jamesside,840.520.0168,yolanda80@example.com
131,aE16A3c90AC05dB,April Hebert,Gallegoshaven,600.473.3696x9138,tammie24@example.org
132,8CA86e8FcACeE4D,Peter Long,West Deborah,658.589.4668x5099,terrance42@example.com
133,99d1Fb3608ACF2A,Christina Carter,Laurabury,371.388.5547x616,joannacastaneda@example.com
134,4eB6A9cb84BF51B,David Faulkner,Port Claire,001-892-550-0086x088,costaariel@example.com
135,B43EAF7bc56967C,Willie Arellano,Simpsonland,+1-029-184-8369x33344,owensmeghan@example.com
136,6e07e8F150DeB82,Traci Sosa,Lake Jodytown,954.146.7056,mckinneyelijah@example.org
137,f781EbEb7FDBE35,Alexandria Burgess,Lake Robinberg,(033)223-1221x741,franklinnoah@example.com
138,B9506A7DdC58b34,Manuel Castro,Ellistown,-9983,michellefranco@example.org
139,be4B0DFd06FFF1D,Nathan Glenn,Port Priscilla,-8769,bentontroy@example.com
140,7d3402dB0D0d2ae,Hailey Aguirre,East Heatherville,285.170.3468,ygregory@example.net
141,9BEeD41BDC4ca32,Arthur Lyons,Port Ricky,+1-000-117-8461x20805,gmckee@example.org
142,B81eeD3F7e13A2e,Alexa Washington,Lake Jill,001-660-127-4590x6546,garrettgordon@example.net
143,cF20CcFDD4E8733,Jorge Wells,Terrancehaven,939.826.3921x144,pattersonlatoya@example.net
144,0c7fc0bFd703d8e,Oscar Camacho,North Ian,853.032.2083,albertstanton@example.net
145,99fa0bC5cC11b1f,Derrick Cook,Alvaradoside,001-438-246-2459x25487,javierfrench@example.org
146,979A626e5F115f2,Teresa Page,New Anna,001-644-806-9491x2925,lnash@example.org
147,009E1accabB9Af6,Randy Tanner,Fuentesstad,911-487-0373x8825,shellycain@example.org
148,a9E3b490AE3B346,Joann Fuller,Seanland,349.036.6379,pstone@example.net
149,Ab0bbcE993E23c7,Christopher Braun,Cindychester,-6559,graytami@example.org
150,5627680A2Ca214B,Malik Summers,Derrickshire,+1-584-890-5151x25199,lynn40@example.org
151,94bE4E2109cF33b,Kristi Sims,Marciabury,130-033-4673x91152,starkbrandon@example.org
152,3412AaD2be50E07,Mariah Huang,Starkchester,384-805-8385x93679,timothycastro@example.org
153,5AB091FFDe887eC,Monique Mahoney,Lake Audrey,001-908-915-3254x88513,vholmes@example.com
154,d7A706Fd9AdB27E,Stacie Cardenas,East Alan,(554)048-7817x1840,alejandro24@example.org
155,4fdeB8D3F477aFB,Shannon Cochran,South Kellichester,479.731.1408x0288,qcarter@example.net
156,d5bbEF5AC75B9a5,Peggy Odom,Marquezfort,+1-499-039-0998x2391,leah97@example.com
157,49Dcb786C01C5ca,Anthony Briggs,West Williamview,001-299-317-0247,marciamullins@example.org
158,2bA19f60a800b19,Perry Levine,Ferrellberg,126-232-7407x795,kirsten46@example.org
159,aDCb1F0eA108aa7,Denise Hahn,South Suzannehaven,580-805-3548x8579,alexagraves@example.com
160,b956E2a9DE3898C,Thomas Bruce,New Gabrielleshire,001-521-112-6517x8064,curtisfrancisco@example.net
161,dB2D7274Daf7edD,Robyn Paul,West Alisontown,-897,seanmcguire@example.org
162,f52181F2B4c2e9A,Miguel Leblanc,Oconnorland,006-051-5517,whitney63@example.org
163,5968b1AD19823B9,Laura Rice,Lake Jimside,674-990-9161x259,tharmon@example.net
164,dbcde3f68Bfaf7E,Madeline Leach,Keithchester,001-701-137-1053x17874,xcaldwell@example.com
165,925E52c1F2F239E,Christopher Nixon,Lake Dillonmouth,(478)900-4374,blackwellpaige@example.com
166,9ca2f3A7a60ea88,Mackenzie Cantrell,South Karl,315.251.1410x1611,deniseromero@example.net
167,aB2Ef1d3f6d6e6E,Phyllis Sanchez,Caitlynchester,1196895633,ramseymaria@example.com
168,37AdbaEbBA8e317,Jesus Sosa,Lake Calebside,001-516-867-8624x6537,jflores@example.com
169,beC1BB41df95f2D,Maurice Hodge,Melvinhaven,179-217-2547,micheal55@example.org
170,E1844addD8eEe76,Brittney Stafford,Codyport,+1-043-555-5103x8803,avilasarah@example.net
171,1AD35A22F0BA772,Dalton Butler,Peggyfort,+1-129-561-0470x850,tonystuart@example.org
172,382eD6ac4a352cE,Russell Zamora,Port Jasmin,+1-720-651-9038x59082,isaac99@example.org
173,bFB42223CDD342F,Alex Stewart,Anaton,(889)413-9131x24202,rcosta@example.net
174,C8C2ebF103A8E69,Jenny Nash,Watersbury,879.292.7765,mhall@example.org
175,bddDa7FF9dE3b91,Daryl Koch,Stokesbury,121-608-9421,ehicks@example.net
176,7eFA59d05df2cA9,Jake Tate,North Diana,(186)195-0778x95221,jorge12@example.com
177,C1e7272dFDFF2C4,Luke Fletcher,West Doris,(235)702-5980x885,ravensimmons@example.net
178,85E1F35FAaDA1Bb,Earl Yates,Caitlynport,130.153.8935x98189,malik60@example.com
179,bCb195daBc7263e,Brittany James,West Jacqueline,+1-072-501-2836x748,sanfordmalik@example.net
180,2C96bcB1cD0f6ba,Wanda Alvarado,South Jade,001-112-893-2280x858,carolyn22@example.net
181,16361CBC0DAFa00,Mckenzie Beltran,South Aaron,670.842.1891,tgiles@example.com
182,8EB4C4fd0C44bFa,Ernest Camacho,Robertsmouth,1526791903,jennaconway@example.net
183,7Aa938827F1e018,Haley Hays,Rochaport,001-668-870-9328,iortega@example.org
184,Befc7139d7eD662,Dalton Chaney,Joycefort,(439)390-6223x0153,pacevirginia@example.com
185,4E641fd49f55bcD,Drew Sanchez,Conwayshire,904-206-6562x5727,hartelaine@example.org
186,108773b6Ba4Dbdb,Bradley Copeland,Mollytown,046-790-3722x3553,waltonleonard@example.net
187,6eBdCDac47F3428,Alan Randall,Carpenterfort,008.797.7605,bernardamanda@example.com
188,fA0eA5B7e62c9Df,Angelica Hull,West Charlesville,864.444.3451x06208,dpennington@example.com
189,eEFc74EBC49e6BB,Daryl Newman,North Ericburgh,001-445-245-4728,imccann@example.org
190,554A9ecCaFa62ee,Tristan Morton,Annaborough,1053648903,terrance57@example.com
191,CdCDB0F97fF999f,Tami Compton,Avilachester,(631)637-3650,wmacdonald@example.org
192,26A154Aa4318fFd,Grant Esparza,South Virginiafurt,044.291.0252x559,levinebianca@example.net
193,8f3015cAb55F348,Sherri Williams,North Marciaside,025-325-6554,smithjasmine@example.com
194,037eF750C5fb7B6,Barbara Bowers,Chrisland,001-503-801-8804x091,david92@example.org
195,346FcF07FB14CcD,Sherry Maldonado,Bartlettchester,001-122-269-2914x480,cassidy66@example.org
196,1aa37dC5b2eB175,Francisco Flowers,West Tara,+1-740-404-4829x6734,zachary83@example.net
197,DeF3DE4a6ABb2D2,Janice Daugherty,New Miamouth,-2858,ireese@example.net
198,C88B0CFc36D6fF4,Melody Clements,Stuartborough,001-253-274-0802,christiandarryl@example.org
199,75Afa67CffE0Dd9,Evan Howe,Carlyfort,614.309.7804x6157,huffwyatt@example.com
200,448dAD1F6dCc9de,Terrance Rowe,Sheilahaven,001-893-212-6379,schroederduane@example.org
201,dEEb9bDB65Ed4fB,Stephanie Nunez,Lake Jo,255.317.6663,kaitlynwoodward@example.com
202,bA09B6Bc6fBc65B,Jimmy Wiggins,Kyliestad,343-440-2890x2649,randallcarol@example.net
203,c23aDdb939f4D7F,Sonia Parks,North Jodyview,862-457-9311x766,betty58@example.com
204,81Ff5cfd97ACBd4,Curtis Zamora,Carlburgh,473-759-5577x515,isaiah96@example.org
205,eA7df1fcFa5aacC,Tracie Baker,Kimmouth,601-835-5192x63785,zblair@example.org
206,131570D70d0ff65,Eugene Richmond,South Whitney,-8450,xmontgomery@example.com
207,aBE87b98c2A20c0,Lonnie Bernard,Castilloland,720-492-0967x56147,tkoch@example.org
208,2F704AacCEbAb2b,Alan Shaffer,New Shelly,422-538-3403x6546,fitzpatrickwhitney@example.net
209,674bbaD7A5D26B9,Grace Mckenzie,Rossmouth,232-541-3203x6916,lawsonroger@example.org
210,1bA6EDeebf7E163,Logan Obrien,South Kristie,(153)089-2350,theresa29@example.com
211,DF17975CC0a0373,Katrina Duke,Nicolasville,740.434.0212,robin78@example.com
212,fcFdD7dA96c1C7d,Katherine Bolton,Leviborough,001-574-087-2726x7850,tsullivan@example.org
213,A7aBc39Ee9dC1bd,Perry Rollins,Donnastad,001-568-534-7273x8143,hebertmike@example.org
214,AbcE3CcC947cbBD,Makayla York,East Jon,772.561.6125,xolson@example.net
215,4C5Db5BFDBF60eb,Jo Olsen,Port Jaclyn,782.372.6746x2582,kbraun@example.org
216,E03EbCFDDcE1f1f,Christian Mosley,Chloeshire,+1-294-763-6641x9199,anthonyalexa@example.net
217,aBa137daedc833c,Nancy Arias,East Sophialand,(500)343-9851x714,melody43@example.net
218,4B4D0AD9abE41f0,Cheryl Friedman,Sosaborough,-9405,mdavies@example.net
219,Efa5aa3e87ed1D7,Helen Maynard,Traceyton,671.841.5883x575,bthornton@example.com
220,0cC97Ab1eAF4ABe,Jennifer Kane,New Ruben,(255)274-8465,mallorycantu@example.net
221,29cb6ecF75451Cc,Danielle Howard,Holdershire,232-108-8414,rodney01@example.net
222,4D01fd1AA71fdcF,Candice Estes,Ashleyberg,+1-932-530-3920x4196,cliffordbrowning@example.net
223,0aB79DDdEDdAe0b,Renee Alvarado,Louismouth,001-617-904-1011x95460,louis68@example.org
224,53147bb2CD4bc1c,Annette Santos,Daltonfurt,068-947-7736,jadethompson@example.com
225,05c44eB3fF9BE99,Kerry Newman,Leonfort,(400)338-9382x0631,randall55@example.com
226,90511Ae50ED8e2c,Lindsey Kline,Davidberg,001-505-218-9483x2407,megansimpson@example.net
227,11e509B23bA84f8,Dominic Buchanan,East Heatherport,079.562.5967x89842,angelica52@example.org
228,9a8B1B4f4eEAb57,Gordon Hess,Garyport,148-019-8226x01837,yvonne71@example.org
229,fF56f2b4BAe239f,Bruce Pineda,East Anna,001-553-768-2080,ericksonbob@example.org
230,C4a0d68C1B2427c,Maxwell Vega,North Vickieland,001-005-312-1029x159,emoyer@example.org
231,FC8fa29F2D57eCe,Geoffrey Lawrence,Shaunberg,001-339-180-2004,mcross@example.net
232,003faaEB83B8A0B,Charlene Schwartz,Bobview,(654)360-0206,jonathoncarroll@example.net
233,c905D9b34C5456C,Anita Burnett,Roblesland,001-919-880-6698x82822,chelseamendoza@example.com
234,78e17EBCd8dDbc6,Leslie Patel,West Wesley,780.016.9045x1922,copelandshaun@example.net
235,66301e7bCfdB2f2,Pamela Hayden,Juliemouth,(222)266-2752,hherring@example.com
236,A5bBa8B5737bF18,Deanna Ford,Gibbsberg,001-757-819-4529x63002,josephkimberly@example.com
237,Ef3e6746Bb32d4F,Bonnie Hammond,Fitzgeraldchester,(083)117-8077x469,herbertreynolds@example.org
238,F663ee880a9eCBa,Debra Byrd,Marcoshire,226.013.9961,carolmelton@example.net
239,CA4e2d7d6f7d6fB,Sharon Torres,Cowanburgh,75514069,gary51@example.org
240,F52d1EFf9Aeca7f,Olivia Austin,South Anneland,654.298.3926x2751,ogood@example.net
241,ebceFfe3e95DA36,Jean Harmon,North Laurenport,423-011-4943x091,tstafford@example.com
242,a88B0C0F3c98028,Bridget Griffith,Port Aaron,001-605-811-2204,jeremyosborne@example.com
243,C7BC4419E1B81Ef,Curtis Flores,Claireborough,9626840627,hunter00@example.com
244,7ff3afDbFb3f698,Bridget Ryan,New Jill,579.145.6237x01090,jocelyn96@example.org
245,Fd6F8D9e986Cc3D,Mitchell Boyd,Jimenezside,969-492-9689x6742,franciscoaguilar@example.com
246,BF7ad5D75edfdB5,Peter Bruce,Kimberlyburgh,903-121-7928,max86@example.org
247,aCdE9f39c476fcB,Jonathon Huynh,West Rachael,-10362,logan73@example.com
248,cCA7ae678b6fb9F,Connie Myers,Zacharyborough,+1-134-079-4122x3916,dwayne93@example.org
249,94935E4B01ef83b,Stacie Barnett,Hensonborough,7153164628,latasha47@example.com
250,0ae5987cCC3EbcB,Jacqueline Harper,Cristianchester,1301630752,henry51@example.net
251,821BBcC7EA6B83b,Kara Bruce,Ericksontown,447-321-4820,marcowen@example.org
252,34F6f315c51B749,Caroline Lindsey,Gwendolynbury,(513)800-9631,hesscole@example.net
253,a6BfA20EDDd4317,Meagan Salazar,New Betty,558.587.7098,mmeadows@example.com
254,C07BC44eFA20A96,Jamie Logan,Hermanfort,(005)405-6818x9500,diane97@example.org
255,BF6f9c6fDb18DBF,Nicholas Glenn,Ortizstad,+1-379-748-4774x27663,snowedwin@example.net
256,f074a08cD7BdBc4,Shane Donaldson,Joeview,862-046-3491x147,cordovacaleb@example.org
257,02C553bfcFA32bA,Norman Zhang,Lake Lauriemouth,1032763274,dickersonjoanna@example.net
258,d81C0AeE4ba2ACb,Pamela Hutchinson,Huberville,183.881.9355x2468,marczimmerman@example.org
259,cDbDF7B189fcfDb,Yolanda Stanton,North Garrett,149.501.1590x5315,cookeannette@example.net
260,4AfAc0Bf3e2708E,Phillip Valencia,North Sharimouth,(215)931-0545x23557,fliu@example.com
261,Bcde4A17Aa9D059,Taylor Benton,Adrianburgh,+1-329-571-4597x143,alvin05@example.org
262,6E90ff6FCE1A1a2,Ebony Ross,Lake Catherine,001-015-685-8433x54909,jtran@example.net
263,438EeC867c970aE,Lucas Hess,Cliffordburgh,721.978.6128x8184,weeksdevin@example.org
264,6fcbE57aeEc26a9,Alan Nixon,South Stacie,+1-506-126-5723x259,gabrielarosario@example.com
265,48a0F16A7108695,Ernest Wong,Lake Gavinborough,(943)444-8724,hornmackenzie@example.net
266,a5cebB3ff1f279E,Kristina Krueger,Pattymouth,3866458129,fstuart@example.org
267,34C5b3CEc30c481,Shaun Nixon,West Paigeview,(818)062-7676,gilbertgrant@example.com
268,05d4a275BAf55B0,Anthony Wallace,North Dwayne,001-179-132-1603x752,ritarice@example.com
269,B93d9dCF40B31A8,William Ingram,Juliachester,806.073.4010,pcurtis@example.com
270,69EA746B5eEA97C,Bobby Day,West Isabella,197.437.5363x341,shawn17@example.org
271,06D45f32D614AAe,Krista Booker,West Frederickchester,605-274-3835,karina40@example.com
272,00d907CDBC1CAb6,Isaiah Hood,East Brittney,(091)991-5163,ian42@example.com
273,5aA4DcBDf5EeBd6,Gilbert Church,New Richard,001-417-776-1663x831,bruce35@example.com
274,4B8f92DEfD6A22C,Dawn Francis,Port Jenna,6567039189,vharmon@example.org
275,98b6D6c4Ba5f24E,Melody Jacobson,North Cheyenne,828.725.8358,andre64@example.org
276,f057cc8de892Dd8,Edgar Ball,North Paulamouth,001-564-357-3811x48845,yvalenzuela@example.org
277,D90b96F7f39f00f,Allison Walls,East Mikayla,+1-831-337-4453x69562,ithomas@example.org
278,6761B55Ef8Ac3E9,Clayton Anderson,Calderonmouth,7030930740,doylevictor@example.com
279,510EBCCeF8FABe0,Desiree Beltran,New Elainefurt,+1-044-198-1145x772,mcbridehunter@example.com
280,3aFf54f59dcFD2E,Yvette Webster,Jenniferport,795-860-8920,sonya26@example.com
281,f42aB1cd1fc1B59,Albert Cross,Lucashaven,987-424-9440x903,vsoto@example.com
282,cfc55CA94Ad1CD2,Kara Gamble,Vegahaven,+1-740-899-7655x05268,paynetamara@example.org
283,0F7Ccb72cbbCcD2,Yolanda Miller,East Alan,(997)139-9531x88690,pfrye@example.org
284,0De37f35c9cffBc,Cheryl Tucker,Sherimouth,1749251229,caseyanita@example.net
285,41ED141ea9e4E0c,Beverly Clarke,North Craigport,1659563807,smolina@example.com
286,D045Ee0Fc9dd45E,Kerri Morris,New Louis,451.369.8716,valdezbrooke@example.net
287,B40923EA0F7b9d8,Ralph Richards,Bergton,3328594631,alexa92@example.com
288,bE0FB0ACceD7cD0,Stefanie Castillo,North Christina,-10110,holdenanne@example.com
289,C79601b6BDedB8E,Judith Huff,Jillberg,701.939.6996,hallwhitney@example.org
290,ECFCF3df04cc0cF,Benjamin Ramsey,Lake Sarahtown,(873)889-9471,hbeltran@example.com
291,D269D6cDBEB29b5,Pamela Dean,Tannerside,6119355874,randyhogan@example.org
292,9dCfeDAe04fffE2,Tricia Chandler,Stephaniebury,(288)206-2798,katrinamacias@example.net
293,c1D6Ddced4Fe3eF,Zachary Nixon,New Daisyside,333-779-8097x2347,claudiayoung@example.com
294,DB64F2e35ab51b4,Leon Guerrero,Virginiamouth,586.034.1297,hbright@example.net
295,A8AEe9dc6D1f3c4,Lacey Casey,Mendezbury,001-950-937-3674x3504,bennettjoseph@example.com
296,841E6f046E83F10,Yesenia Petty,South Guy,+1-724-289-2580x837,braychad@example.net
297,a386b9bB31accdc,Phillip Morales,Johnside,(047)032-2027x3605,cshaw@example.net
298,a61eAFC61DFeA8E,Teresa Powers,Nicholsfort,(708)774-7454x729,brycehernandez@example.org
299,7CcAbC7CAfC4e39,Stacy Roach,South Gene,027-908-7316x725,margaretlane@example.org
300,caBE9a5064ceBfB,Gary Blackwell,Colliermouth,(786)106-0223,royjay@example.org
301,3759DCaa1d909d2,Jasmine Irwin,Douglashaven,+1-263-695-2606x7586,schroederjeffrey@example.com
302,c4AB82050cEE8f1,Angie Munoz,South Julian,001-772-944-6336x168,karlpotter@example.net
303,38ceeCDD313ecDB,Stanley Beard,North Jesse,001-470-693-4050x95296,dalestephens@example.net
304,05aaB3e75C576D6,Mary Donaldson,Port Donald,(223)537-4201,collinlara@example.net
305,0b91dFFFc17f5A8,Tristan Aguirre,Lake Anaview,2526790147,kcarroll@example.org
306,Ca9E100bcEbbB0e,Jessica Stokes,North Grantland,001-533-240-1695x679,millerharry@example.com
307,362D0033BCa5D4e,Kerry Downs,North Collin,943-245-8254x8788,johnsdawn@example.net
308,4dE9EDDe64A5A1C,Megan Owen,West Jasminefurt,386-935-3146,cpeck@example.net
309,26bEd99B3626fFB,Steven Decker,Lake Leahbury,697-507-8931,tgibson@example.net
310,F7307C0fbDafbDA,Dwayne Vazquez,Brandonmouth,(388)333-7353x8324,karlgarcia@example.net
311,B86dFeA3794F47C,Chelsey Singh,Shepherdport,(766)644-1565x07376,braunstanley@example.org
312,53a8165b5eFDeBb,Alex Newton,South Karl,061.212.6336,jerryhenson@example.net
313,eD7A4B7C22dAE96,Bethany Walsh,Stokesport,+1-302-773-8245x25654,hurstadrian@example.org
314,ff2930FDFE1DAd9,Mario Pennington,South Marissa,193-186-9967,peggy95@example.org
315,Fe3234B9A5c73e7,Deborah Benjamin,Briggshaven,(488)295-3387x30397,eross@example.org
316,DCc1fd51aecd9dd,Marc Owens,Simmonsland,678.889.5526x04700,vernon03@example.com
317,F68014D31ddbf8b,Kristin Love,West Leeville,001-588-163-4981x9542,chasearthur@example.org
318,EbeBaF711EecFa4,Frederick Villegas,North Alisonton,416-187-9026,pamlozano@example.net
319,6f09DcBFED2E9bE,Angel Vance,New Peter,649-364-1585,slarson@example.com
320,F794BB8AeBFf32E,Tasha Stout,South Preston,(483)808-6506,russojeremy@example.org
321,0AB25BC3Df4bcaE,Emily Good,Zacharybury,4340260358,lincindy@example.com
322,4Ac773784FBDecA,Warren Harrington,Cassieberg,736-844-2429x298,tyler70@example.org
323,9D393CcAafBD1E8,Julian Camacho,Port James,(328)712-6257x1223,traceyhiggins@example.org
324,42b8FC0DBebFD48,Edward Powers,Lake Elaine,+1-044-835-4404x483,jbenjamin@example.com
325,354aeA1EF24C5d1,Hector Fritz,Theresahaven,093.258.2270,shutchinson@example.org
326,d06B554F25f3d0E,Brittney May,Chambersshire,(731)154-7011x27829,ocochran@example.org
327,Fafc20e3bb29b5E,Bethany Santos,East Ian,001-292-893-9228x7012,knoxmaxwell@example.org
328,46B71DAbA80e320,Vicki Mitchell,Latashaside,001-931-175-0300x6963,deborah98@example.com
329,51C771FB6a3c75B,Jay Perkins,Phelpsburgh,715-832-8924,monroeclayton@example.net
330,810Cee3Cb9E7740,Candace Case,Raymondbury,9243744843,michael90@example.org
331,CBff85B9A4A4Aa3,Valerie Welch,North Sergio,001-607-800-4979x96494,iortiz@example.net
332,3f4F6D658B8e4B3,Hunter Blair,Diazhaven,463-565-9012,vcabrera@example.com
333,b9b02AbadcD77Ee,Phillip Barnes,New Sonyaside,203-841-2499,ferrellamanda@example.org
334,A8210B0B55DCA46,Micheal Booker,Francischester,132.838.1663x38051,traceyrice@example.org
335,dF2fC9cE842641b,Daniel Morris,Bennettmouth,916-379-5370x9984,gillespiebruce@example.org
336,Ce7fdC4A27F8BfB,Jonathan Molina,West Neilhaven,269-521-3375x516,cbryant@example.org
337,99375ddcf9ADB4b,Kirk Norton,Lake Duane,825.175.3063x06412,hahnroberto@example.org
338,2FEA22FE9FC687D,Kurt Liu,Port Bradhaven,+1-117-851-1795x26956,ross34@example.org
339,5FBeaAfC67EDA67,Stefanie Prince,Frederickborough,+1-947-012-2217x8447,ohorn@example.com
340,FFfA65f10a35E4A,Ariana Hickman,North Stephaniemouth,(278)093-3663,morganwendy@example.net
341,DDB3ac3B6fDd78c,Lydia Torres,Lake Shaunburgh,(815)610-5096x2795,cherylmcmillan@example.org
342,F662ad8DfeC0095,Jenny Hurley,Port Loretta,+1-460-516-0197x80941,balldrew@example.net
343,Db68EC1E050bdb2,Ryan Ward,Thomastown,001-250-675-6940x85289,randall14@example.org
344,3ede74A0eaa6EEc,Aimee Bridges,East Brendanbury,7342847803,jbautista@example.com
345,Daf8e1af4eEe8F3,Kari Brewer,East Sallychester,7019789360,michaelgallegos@example.net
346,444ecB8f60d8ab7,Vicki Park,South Kerry,(568)275-6748x2490,katie93@example.net
347,B0D770E2D294aF7,Kerri Simpson,Buchananview,5341896335,sparksrodney@example.net
348,7Dd645101CE7dD1,Raven Moore,Mckenziefort,(583)649-1693x8409,klinecody@example.com
349,dCA2E3af07ed79d,Darryl Barton,New Kerry,309854071,danielskim@example.com
350,Acda5EdA0bCA2f9,Leah Benton,Bullockborough,665.207.8772x57230,cody23@example.net
351,e9ad1A35EEDE512,Bernard Schroeder,Donaldhaven,950.519.1474x5235,walter74@example.net
352,89adaADBd6c8F56,Robert Montgomery,Coleview,(113)014-7831x9464,anita65@example.com
353,b1788A50be78Efc,Randall Collins,Deborahburgh,000-017-1834x8902,pmcmahon@example.com
354,BEFD3f590Bcf07d,Stacie Archer,Kristinebury,995-193-0690,paynescott@example.net
355,2d6993bBcBBFE58,Eduardo Rodgers,Lake Darrellport,(934)434-0536x044,christyrichards@example.net
356,c2A8DC6D0Cd1fB4,Robert Avila,Adamfort,417-175-6316,judithpotts@example.com
357,b3dcF7DFecB31A1,Jermaine Michael,Michaelhaven,102-357-5047x964,meghan13@example.com
358,cAa967C5E66fc86,Lance Blankenship,Ethanville,(793)311-5008,chelsea50@example.com
359,93329AE35DEeCCc,Alvin Smith,Port Juliaview,80095682,johnathanshields@example.org
360,7A95b5f60c15e16,Kathryn Bernard,Kellymouth,-2093,sarah48@example.com
361,CBBE3b613E5EA09,Jamie Jimenez,New Becky,193-705-1010,reevesphilip@example.net
362,7E8caA1EfbC9865,Francisco Hutchinson,Phillipburgh,6556708415,kayla48@example.net
363,8D0FdA9eDDa0dB0,Earl Jenkins,Jacobtown,+1-893-987-0637x94105,rcochran@example.com
364,d70fce03dC34Ad2,Heather Snyder,Nixonfurt,(683)029-9498x16512,micheal66@example.net
365,dACf9f23D35EDEd,Christine Matthews,Johnnytown,393-599-5924x2414,pbean@example.org
366,5BB4737f69cBBeD,Kaylee Dixon,Mooneybury,(127)899-0101,brendanstewart@example.net
367,3f5a8fd3CBf4b74,Ariel Prince,Scottfurt,001-429-361-9801,bhardin@example.org
368,41C9C171F0e66FD,Emma Hinton,Michaelport,416.377.5635x626,nichole84@example.org
369,3Ed2FEE49BF6ae1,Kara Esparza,Port Garrett,517.501.4960,cfrancis@example.com
370,2542C79ef0ada2b,Erika Cruz,New Lorrainefort,-6426,cjimenez@example.com
371,A5bA09eaEC487D3,Preston Erickson,Keyville,712.074.3771x26390,hectorchristensen@example.com
372,a77Eca88d9a36C5,Brittney Norris,New Annton,771-157-8817x42260,albert29@example.com
373,7feEdDc7bd8f38C,Gilbert Lin,Dianeview,614.800.0257x53837,louisgould@example.org
374,9caF0aE6cF8Dd10,Jose Deleon,Blackfort,566.226.6794x994,francesbeltran@example.com
375,340ABAD5FAaeD3f,Phyllis Strickland,Lake Leahborough,(498)216-2789x8582,edgar84@example.com
376,2DA08d1CAd4dceC,Robyn Ferrell,Milesland,001-452-848-2181x328,sblevins@example.com
377,204C8436FE7f0cf,Marie Taylor,Port Brookeview,(193)251-1665x457,adrian94@example.org
378,A21b0F9a2a762fe,Cameron Gray,Port Anneborough,(997)042-7826,vicki49@example.org
379,6355f81A0aFfFfD,Calvin Gilbert,Alexashire,001-085-594-4559x872,dustinclayton@example.org
380,d49EcceD0Fe3FfB,Glenn Graves,Connieborough,(742)983-1958x88209,jermainewalters@example.net
381,8A9d5DF69Eb8c3C,Jeff Olsen,East Joanna,211-241-9990,shepherdallen@example.net
382,6c2B7c0DaD5bAD3,Wyatt Monroe,Waltonberg,(941)198-6784x51878,btaylor@example.com
383,B216bfCCEEBFe1e,Gina Leon,South Rachel,(447)170-2766,joywhite@example.com
384,ee89d034CeF83EB,Susan Fritz,South Brittney,4942716417,shane47@example.org
385,6455dAf38a33E73,Tommy Combs,New Malik,204-364-8124,figueroaalice@example.net
386,A64b3f208cf312e,Julian Sherman,Hammondtown,907-675-0674,zsantana@example.com
387,4829908F4BE90ad,Fernando Carpenter,Manningville,001-642-984-5062x89151,justincombs@example.com
388,Fc86a2288ebfdAd,Leonard Parsons,North Willie,-6345,christinaconner@example.com
389,CccE68e2611CB67,Nina Giles,West Carol,679-582-1062x14875,mchase@example.com
390,7eBDf2F5dE9DC7a,Anne Fox,Tannerberg,197.767.7821x848,egeorge@example.org
391,9C340401d2E861f,Mandy Green,West Robertafort,001-597-675-6361x0485,jesushowell@example.com
392,B580643f4Eee7eB,Angel Stokes,Vickichester,126-419-8333,zdavies@example.net
393,d500353D059Efd9,Bryce Ball,Laceyport,001-463-956-2617x8538,chelsey42@example.net
394,E95cF2ADa9cd5De,Whitney Vargas,Strongmouth,001-729-772-8427,kirkoliver@example.com
395,1CB7C4e6d0a7C13,Natalie Grimes,Ritaview,(681)509-1787,preston37@example.net
396,AbB6e97949FBebc,Vickie Velez,Lake Caitlinport,+1-708-912-3443x0302,danielroberson@example.com
397,a816CbCbbd4f233,Grant Morrison,Alicetown,603-124-4407x470,edward48@example.org
398,CEC378179933f4F,Bradley Douglas,Lake Dawn,838-094-8445x4980,ymunoz@example.org
399,00bBcB58a9D114c,Roberto Yu,Whiteshire,284.011.6269x7372,barbaragreene@example.org
400,70D7DdebB9D8f67,Debbie Lozano,South Sherriview,001-897-602-1941x969,debbie77@example.net
401,fE5a7Ff19b2aAEE,Henry Ellis,North Patricia,555.186.4175x684,houseshari@example.net
402,faFEea3b50D6123,Kyle Bartlett,Port Deanberg,7361854341,priscilla10@example.net
403,E2F6F8eeC9bED4f,Ricky Fitzpatrick,East Cameron,222.092.5549,renee45@example.com
404,f930e7A099bbEBB,Tanya Spencer,Cliffordborough,316-841-7176x52474,rodom@example.com
405,F7A3A17EA6DCAfA,Francis Walter,West Karen,498.831.3862,fflores@example.net
406,629924399F23af0,Lydia Alexander,Lake Morgan,(146)647-9813x47911,christiemacdonald@example.net
407,f515A6dDdbCFD4B,Jessica Chambers,Edwardborough,566.253.5450,mark07@example.com
408,A6DDea6bB9A5d18,Summer Escobar,Lake Kyliechester,221-605-4196,kelseyholden@example.com
409,7c4Bce1aAB51C6B,Marisa Vance,Villarrealhaven,-2769,qmontgomery@example.net
410,6995ED0DBaCC148,Gabrielle Fritz,Heathertown,(694)789-6740x4269,gene66@example.com
411,F6dB61Fb3e6eEc3,Maureen Barrett,Coltonville,657-424-3917x88297,cranerick@example.org
412,6C23a8C9AcbCb7E,Cody Arnold,East Dawn,534.256.6123x51204,glovermike@example.com
413,AAF953ce6519B3a,Holly Manning,New Elizabethport,8792929924,vmckinney@example.net
414,c1711ACe52AFFC8,Samantha Barr,West Devonhaven,481.940.8804x068,qromero@example.net
415,A4BF8fac1227a2c,Hailey Pena,North Melaniestad,231.412.1068,castrocalvin@example.net
416,EcFf0bEbF0B85f4,Phillip Dalton,Silvafurt,(228)076-5172x949,louissolomon@example.net
417,aa2fd18aaf2DE0A,Maria Downs,East Victor,(683)156-5726,christopher66@example.com
418,daa90Ea7F4193BE,Sarah Ayers,Shirleybury,508-621-1649x47242,maria81@example.org
419,62d4BBecd04c1D6,Gregg Hurst,Tiffanyfort,027.309.9261x686,edwarddennis@example.org
420,5BB3f6d54c50ead,Micheal Todd,New Grace,479-260-5736x11742,nkane@example.com
421,febeBfb4A53B2C1,Gabriel Heath,North Jacquelinemouth,001-194-635-5597x047,megangamble@example.com
422,BAe516915432a3c,Joy Mercer,New Dillonstad,7886901348,tricia97@example.org
423,E6E641Bbade1683,Karen Brown,Coffeyburgh,628.117.2792x092,cbenson@example.net
424,4FaC35aE11Bb4c3,Molly Gutierrez,North Billfort,778.519.8483,romangwendolyn@example.org
425,A6DfA24E3924aC6,Scott Mcmahon,Kristinestad,(787)893-9577x779,collingillespie@example.com
426,17cfdDe5c065ab5,Grace Bolton,Krauseborough,-6247,efrey@example.net
427,1595E8EF9338E27,Kerry Andersen,Vazquezstad,838.970.5884,stronghector@example.org
428,CAd760C0ddC6EDE,Xavier Johnston,Pricehaven,281-872-8168x51705,yparks@example.org
429,8d9Ea473ed50Ddc,Dustin Hudson,Bestside,+1-895-041-8709x40343,fernandezkirsten@example.com
430,7aFaa0f4Cf25e26,Brendan Gilbert,North Marissa,(269)248-5703,isaiahlewis@example.com
431,A1c6Cacc6fBf2Cc,Cory Forbes,Port Mariahaven,406-043-4594x5418,colonglenn@example.net
432,23fEF7f7C07FcBc,Carla Marshall,Lake Eric,001-877-739-6300x3419,maxwell65@example.com
433,b7A6ACe14Da2a70,Tracy Jarvis,Parkerfurt,+1-938-842-1157x84286,slevy@example.org
434,BcB2dE02BdF4483,Anne Garza,Garrettburgh,028.783.7477x505,ecraig@example.org
435,E646F0FE9dD0fDC,Megan Mcdonald,Samuelside,001-054-248-5728x337,clarsen@example.net
436,aB8f3fddcAE3ebe,Sydney Trujillo,East Latasha,(179)037-3088x4653,gail52@example.net
437,E99De3bB84f15fC,Regina Mclaughlin,Loganmouth,876.690.3205x085,daisybailey@example.net
438,9f4FbA2EBBDE350,Randy Bowen,Eileenmouth,928.007.5065x989,marie87@example.org
439,184f82e6bb6A227,Darin Wu,Kimbury,001-357-295-5098,osilva@example.net
440,FF0689BbDb8B95E,Tracey Hurley,Rileystad,(071)825-3776x427,christiewilkins@example.net
441,ace63bFCc6E8E88,Jocelyn Hodge,East Grant,179-136-1668,lvazquez@example.com
442,7E23C2d0a7A7A1e,Susan Joseph,Benitezberg,373-024-3426,carrollpaula@example.org
443,Ad1c6fE266De0ce,Whitney Burke,South Miketown,2979077002,carlrosales@example.com
444,10BcFD5ED1Fd7a3,Emma Caldwell,New Triciaton,(720)107-5417x0679,fryrita@example.org
445,Fa75A5784A3dE2C,Valerie Koch,North Chloe,950.637.4269,nwallace@example.net
446,aa01BBDfDbcee59,Kiara Miranda,Stephentown,266.302.9944x37292,alvarezamber@example.net
447,1a478d4BdBF68d7,Karla Shelton,South Leetown,(832)103-0696x48404,francislowe@example.com
448,Afe55F5D86CBac0,Marisa Snyder,East Zachary,+1-444-787-8629x309,bradshawpamela@example.org
449,433adDe6CcCb1a2,Lynn Cordova,Haneybury,+1-598-679-0779x4428,ernestblake@example.net
450,Daa2c6eE2b751cb,Sydney Leonard,Kellifort,001-254-370-5353,jason39@example.org
451,cDCbb25aa87Af7D,Diane Patel,Madisonside,-8212,marco98@example.org
452,2D2AEaaBbc6ebec,Christian Zuniga,South Sabrinaport,070.456.0525x745,bryantbreanna@example.net
453,b8EdE8dB06C193A,Clayton Hale,Port Bernard,432-914-6682,mitchell97@example.net
454,0Ca32994DF228FD,Brandon Campbell,North Darlene,271-573-5376x711,cortezdarin@example.org
455,04Ab34AF7FDD5e1,Haley Gay,Lanceburgh,129-167-7289,davilaallen@example.org
456,8e0D0df4EDD0Bae,Megan Roberts,Port Alexandriahaven,(296)560-4606x127,nathaniel50@example.net
457,a9E75C7cdc1aB2f,Kathleen Lang,New Clayton,921.542.7766,awhitaker@example.net
458,dcE1B7DE83c1076,Traci Duke,Mikaylaside,+1-903-596-0995x489,perryhoffman@example.org
459,9465fFF674Ff030,Bryan Dawson,Garrettstad,(869)053-4142x60124,tristan32@example.org
460,Dc1Ef4D914De5b8,Caitlyn Wiggins,Port Elizabethville,991.345.9808,tschmidt@example.net
461,Bb4bE79aeB90465,Mary Salinas,Hernandezville,(630)092-6365x346,kirstenkelly@example.net
462,4b79C5AcbdD80C3,Cassie Knapp,Yangside,773-022-2720,lyonssylvia@example.com
463,1AcD0ccddF0DCf9,Nathaniel Shaffer,East Diamond,4019101915,marcusmadden@example.org
464,751Bf40CDdCeB6D,Marcia Wilcox,North Geoffrey,883-178-9162x8349,aguilarjenna@example.com
465,c97AD72A41Cca9a,Jose Webb,North Biancaburgh,(369)212-7750x511,hayley94@example.net
466,5dDDcBeFEDa268f,Drew Valentine,Mendozaview,001-867-462-6437x986,sandra27@example.com
467,4DB3cE8D9B95Bbc,Max Madden,Bobshire,+1-259-648-9564x073,staceyallison@example.org
468,Bad48fB46B1bdc9,Valerie Wright,West Caleb,576-096-6192x3244,betty69@example.net
469,eb2A96D54cAb5c6,Elijah Barnett,Brightstad,187-629-0069x666,hayley69@example.com
470,45241fd9cCfaA29,Jeanne Mata,East Toni,540-691-8062x229,fmercado@example.com
471,9cCe4d460980cdA,Sylvia Cisneros,Port Virginiaville,(562)770-0620x070,perezdana@example.net
472,d6DEBbCEEd1Ce8b,Linda Patterson,East Hollystad,169.475.4021x656,tamiblair@example.org
473,b8F00FeA81E7E1e,Peggy Guerrero,Reedstad,(611)951-4635x707,joanna72@example.net
474,4ffEeea05D7b7ab,Tracey George,Stoutmouth,345-071-0901,dorothyhaas@example.org
475,cA2E09ACc7f4c91,Curtis Bolton,Melindaview,-8054,sherry25@example.com
476,24ffE1aefa66372,Candice Cervantes,Mckenziehaven,(021)972-2970x7765,fpowell@example.net
477,CC48BFF6057dE79,Rodney Obrien,Hensleyburgh,338-742-1755x20799,hardinross@example.net
478,6CF34DCD040F082,Jay Lawson,Cristinaburgh,001-294-785-3161x10900,yesenia63@example.net
479,d5703EFB0aE200d,Shawn Hogan,North Zachary,+1-263-115-1291x70186,bfreeman@example.net
480,D03D2428fD4bC6d,Bob Park,Aliceberg,170.090.1757x4281,bromero@example.com
481,2E94Affb5a9dB80,Carmen Stevenson,Tamifort,1215885174,perryhubbard@example.org
482,915f18a27Bc7A20,Dawn Hickman,Lake Joanne,001-331-453-1563x2715,ruth92@example.com
483,F258Cc9fc813BFA,Elaine Nichols,East Parker,(768)340-5471x37859,kelsey75@example.com
484,28eD3aB6E0f464B,Ross Carrillo,Dorothystad,-2152,bknapp@example.net
485,aD92Df9Efe5950C,Blake Long,Whiteheadview,440.831.7052,navila@example.net
486,Dc4B211215cDAdC,Johnny Phillips,South Audreymouth,1037883254,francis02@example.org
487,AFC47cfB7e7cc6d,Tanner Ford,Hannabury,+1-020-501-5624x8532,alyssa63@example.com
488,a3c4c0fEE9fdee9,Louis Hayden,East Daniel,(523)377-8571x2287,wvasquez@example.org
489,d82f65d6b732F2D,Lonnie Meza,West Barrybury,+1-709-051-7668x51394,cwilkins@example.net
490,086EcD6FBFe5C85,Kellie Frye,Lake Alejandro,317.051.6578x759,wesleymcknight@example.com
491,6d6C1d45B3B9507,Claudia Leon,Robertofurt,(679)692-7198x9109,brittney08@example.org
492,DBB6059dF096fa8,Evan Logan,Port Preston,303.083.3066,shermanlacey@example.net
493,0BDeC9Ae4A14b87,Monica Fry,Stevensonmouth,001-390-730-5653x49003,clarkeshaun@example.net
494,fdd16C2cB2631F0,Caleb Nguyen,Lake Jesusside,(370)809-0651x2330,janice77@example.com
495,feaBDee80bd3bDf,Tasha Lamb,South Valeriemouth,161.061.1526x49903,darryl45@example.net
496,4AfB8b6AB186855,Alyssa Cisneros,Valentinetown,641.972.7875x334,shelia93@example.net
497,eC15B0388fc6A1E,Seth Bullock,South Harryton,027-061-5404,joann83@example.org
498,6EfA04eA2aA4F8f,Logan Henry,Kayleeport,001-089-880-7839,markbenitez@example.com
499,a2a76D85aa14E12,Mark Bishop,East Jaredland,572.730.5436x9018,gabrielgarcia@example.net
500,e1aCEb9B8e6FADd,Sheena Baird,Aliland,026.362.4294,vraymond@example.net
501,dFaB7Bc81Df7EFE,Melody Clayton,North Karina,+1-021-934-3005x16455,lynn01@example.net
502,57AD76BAEEec978,Sheryl Yoder,Ronaldbury,344-988-2657,zacharybean@example.com
503,0Fa10024eA9C495,Lynn Carney,Lake Sally,001-447-760-1989x182,jmccoy@example.org
504,45C1d78d93BFa96,Carmen Irwin,West Roy,106-472-7738x517,ian16@example.net
505,03ACdCF8F725B08,Shelley Patton,Camachoport,(968)186-3363,kiaramason@example.org
506,Af9f7bEBaf20B3E,Jaime Mays,Kramerbury,+1-329-508-8772x89799,arielcarroll@example.com
507,E87cf2dc71eFEd1,Dan Woodard,West Caseytown,001-698-038-8121,stewartalan@example.net
508,6de2B1AcFd9cD19,Melinda Ortega,Lake Antonio,(037)993-4620x198,pweber@example.net
509,22A3f7DdA2f4CbD,Clayton Flowers,Judithbury,+1-238-636-3961x830,brennanamanda@example.net
510,B93dCdCCA9aee5e,Rita Jefferson,Simsville,(264)357-4205x76487,ijacobson@example.com
511,6dbECa1c2d65A28,Melissa Palmer,West Chase,987.550.4906,alexandria21@example.org
512,c68d7D9e4f37ad0,Sally Strickland,Chadside,594.225.6371,ibrooks@example.com
513,e5FcF92Af51de3A,Janice Wood,Manningland,6197030159,shauncompton@example.net
514,eaE6B24fCeeE972,Sean Velazquez,North Meagan,-5535,wintersperry@example.com
515,6BeFa7bCaCe35bf,Marcia Berry,Vernonmouth,281-101-3518,alee@example.net
516,7210306Eb0E1cDe,Dustin Howard,New Veronica,(150)312-9124x907,hayleydalton@example.com
517,440e0363A712DF3,Jodi Jordan,Dylanville,+1-356-676-3110x878,haydeneaton@example.com
518,5eE0eCa3c6ABffD,Benjamin Moses,North Wayne,(377)530-0895x3205,roweisabel@example.org
519,0eE44a7fAf7d1DB,Paula Mooney,Theresachester,(737)835-0276x1710,phyllisnelson@example.com
520,1d302cfF4C11B3c,Melvin Edwards,Destinyland,4143700246,hestersheri@example.com
521,3f9be87fDa35Cab,Kaylee Cantrell,Websterfurt,608.132.3226x353,ross66@example.net
522,89FdFDb8Fa09efF,Logan Beck,North Angiefurt,493-378-9322,fernando58@example.com
523,ffD399FC7075C4b,Preston Webb,North Carlos,040.392.0489,meghankirk@example.net
524,e64ea332bdDe3c2,Bernard Payne,Port Rosshaven,+1-928-922-9199x0018,dakota03@example.net
525,D59d22DD2bF13C8,Gina Mays,East Adrian,001-850-427-6484x019,perrylindsay@example.com
526,7fdEf92EFD9a035,Ariel Wilkinson,Perryton,001-568-522-6288x737,reynoldsstacey@example.net
527,4d6fB4FFdF963Ae,Don Melton,Garrettberg,740-835-9000,aguilaralfred@example.net
528,0fD7769271FC4d4,Alex Burns,Port Randallmouth,(764)943-4650,pittsmarissa@example.com
529,A1CF962d1120Af2,Shelia Spencer,Coltonshire,642.958.5250,martinkarina@example.com
530,348E5aCe5b6dFC8,Dominic Graham,Port Summer,691.970.5243,karinacooke@example.net
531,48bD7CBc57D9B81,Leslie Richmond,Beckyview,259-382-4661,gwendolyn74@example.com
532,e5c8a1353Ea0C5F,Amy Roman,South Bernard,(639)194-6306,ashley97@example.net
533,22A2538bBcCBf1C,Judy Meyers,Wilkinsonmouth,361-858-9274x1106,myersanita@example.org
534,b1bb1cC8deF5333,Alex Morrison,South Marcomouth,001-839-115-6210,alyssa29@example.com
535,66dAcfaceb50FCA,Allen Mccall,West Lancestad,001-294-141-0218x506,rileymullins@example.com
536,4c41eedEcD804E2,Tiffany Donovan,Stacytown,+1-826-333-2543x472,morganortega@example.net
537,a3672321B2aAa1F,Sally Garrett,Geraldtown,984.556.4232,cflowers@example.net
538,B42e02edC3Ae9Cb,Dakota Pace,Martinezfurt,(785)802-7279x02638,keymary@example.com
539,6cA2D7ED3BeFb75,Willie Ewing,South Jillian,398-314-2315,tristansawyer@example.com
540,effC88CfAbbC5f1,Isabella Caldwell,Mcfarlandview,001-594-212-6731x9666,tterry@example.net
541,7f7FFaa2d63b1a7,Janet Mcgrath,Sotomouth,977-255-5446,rabbott@example.org
542,cA1f220241E096C,Jeanette Thompson,Jacobsonland,757.987.4456x838,nhogan@example.net
543,1EfcdA0C36Eedc5,Emily Lawson,South Jesus,123.378.6942x2425,lisaayala@example.org
544,8D7Abd69EBcabCb,Cristian Chavez,New Stacie,165.175.6919,marissavalentine@example.org
545,a6cAC992Fb6BEBC,Nina Mullins,South Traci,(567)762-7250,rosscoffey@example.com
546,660FcEEffCAbF4a,Kyle Bruce,West Pennyfurt,9455464754,langdustin@example.net
547,4ab12D986DeafDc,Jacob Arroyo,Lake Candicechester,414-392-5263x6879,manuel98@example.com
548,A624979ED308f61,Nicholas Kirby,Lake Christianview,(148)738-2456x7741,kentzuniga@example.net
549,Ad3eeD6281043bB,Jasmine Chapman,Wendymouth,(933)464-5698x45607,perry90@example.com
550,b57FacbCd397D90,Jackie Potter,Leonville,(196)169-4158x1406,logannicole@example.net
551,6da0A79eB0aAF5c,Rebecca Castillo,Craigburgh,001-702-861-2892x431,parksseth@example.net
552,De2AA444491b30C,Catherine Summers,Port Yvette,378.723.8193x8881,uschultz@example.org
553,22cd7dca009E6b1,Clifford Shields,South Franklin,406-708-9191x835,felicia16@example.net
554,8D2CF389dfD9753,Chase Davies,Whitakerfort,001-351-459-8965,walterbilly@example.net
555,c3df75a238AC754,Jeff Mejia,North Annette,908-918-3298x3666,nancy68@example.org
556,BDFA03Ae3b2f54b,Brandy Baxter,South Mackenzie,908-912-8019x9278,darin55@example.net
557,0961FAf90F4b2b1,Heidi Valenzuela,Lake Chris,667.827.3605x666,shahbreanna@example.net
558,84d541bF328a42E,Andrew Logan,West Marcochester,(230)125-9706x3262,salazaremily@example.net
559,6A8E5aE93ef7Aff,Virginia Sparks,Lesterfort,852-229-9812,chanalyssa@example.com
560,B1F5F9C8FAb02cb,Samantha Brown,Jakemouth,(789)445-3941x06090,andreelliott@example.org
561,6CB75D1B2ab98E8,Lorraine Andersen,West Kathyburgh,+1-468-257-9242x76156,glendamueller@example.net
562,B1ffb1704b624FB,Kendra Buck,Port Andres,(127)799-1270x82908,jkeller@example.com
563,E6bB801aCD2F2a0,Aaron Wheeler,North Jeanne,051.164.3836x1685,wilcoxalexis@example.net
564,d6Dde5a8cDAcaCF,Raven Waters,Elizabethhaven,001-752-436-0279x255,oreese@example.org
565,42069E2a97adFCb,Terri Stout,Vernonstad,703.544.7090,jeanne07@example.com
566,0D9d3de32cBD4De,Ross Cherry,Pearsontown,333.071.9271,russodawn@example.org
567,09bfCF9a254fDBC,Jeremy Gonzales,South Yesenia,+1-128-137-6418x243,patriciaenglish@example.org
568,f0Ece0Adc57469f,Edward Mcintosh,Atkinsberg,9019244242,tcantrell@example.org
569,bdEbae54edc2b23,Sabrina Wilkerson,East Calvin,(958)003-4052x152,aaronmonroe@example.com
570,3d8FCb3DEc6DF1A,Darren Ramirez,Lawsontown,(255)251-2697x1723,rushashlee@example.com
571,0dC7084B63A02BE,Tanya Burgess,New Pattychester,128-000-6793x544,cheyennelevine@example.net
572,b55f4a156a24024,Connor Benitez,Thompsonview,+1-826-090-7747x105,ballardtina@example.net
573,9AE7aF4ddAdEA5f,Angela Pruitt,West Leon,557.677.3532x4837,gbeard@example.com
574,21476cdda8cbB56,Norma Cline,Russellfort,2838453308,autumn44@example.com
575,1Ce2abB79CA6b40,Perry Camacho,Taylorport,-8137,allentamara@example.net
576,d1dBCAD3825277E,Darryl Ballard,Kristaberg,(444)405-4041x920,lauren07@example.com
577,738C11c81DEeeb8,Maxwell Greene,South Kaitlyn,(862)324-2691x6036,maysjason@example.org
578,7BFf0E550f2D794,Nicole Harrington,Port Krista,+1-399-874-1872x07858,schneiderwilliam@example.com
579,7FB6905ebe1A4FB,Gail Walters,Kayleeton,863-702-1425x05294,ruthashley@example.com
580,fAd50CaEC5De3a2,David Cooper,Colleenport,-9204,hross@example.net
581,0d76Cc0178cEDde,Jade Molina,Stevensonton,618-010-6972x87439,hurleydeborah@example.com
582,8034D6C38d32ceB,Shannon Marquez,Poncestad,(996)003-4293x083,alex20@example.net
583,Aca5354F4cFDE1f,Jake Shannon,East Joanna,-4420,abautista@example.com
584,1CAE1D46Bb2D88b,Dawn Lowery,Lake Frederickville,001-527-990-0673x63377,darlene54@example.com
585,bBad672CaFe2Bf2,Carrie Newman,Stephenschester,+1-420-405-1011x88746,medinachristie@example.org
586,Bd5097dA8dAED4D,Ross Davenport,North Norman,476.923.0644x140,gmacdonald@example.net
587,FCb92CeC4Bd2Fa5,Johnathan Dudley,Morrowmouth,001-791-880-8989x42004,neilmeza@example.net
588,D9e46cBD0bb5D98,Franklin Decker,Port Maxton,(839)430-2088x527,cwoods@example.org
589,FbCfee2c5A11b99,Candace Velasquez,Sanchezton,253-358-4480,warren03@example.com
590,67844458acb8E4f,Kaylee Skinner,East Zachary,8644645062,gfrazier@example.org
591,8fdA78eCB748D7A,Francis Carr,Flemingstad,347.759.7140x19691,soniamontes@example.com
592,aB4EC741BFAd71f,Breanna Yu,Barrerafurt,(112)291-5113,bvalenzuela@example.org
593,74c74Cac4de4fDf,Marco Ramos,Kristinaborough,497-871-9483x18212,frederickcooley@example.com
594,1EB8ac9BE8bbC8a,April Love,New Catherineside,4807677857,kluna@example.net
595,6fc27d896D3c31e,Bryan Wise,East Mathew,832-937-4132x7498,mackenziekennedy@example.org
596,3E836e147370be3,Sabrina Burch,New Fred,+1-874-865-2786x97890,ewheeler@example.org
597,220bEfDd34E26EC,Evan Kerr,Haysmouth,127-623-1585x1524,clarencesimmons@example.net
598,7B4fC10a2bafCF3,Luis Knox,South Jorge,+1-229-767-6379x325,rsanchez@example.org
599,a93ce099dd11BB0,Jo Beasley,Hurleytown,(018)678-2206x0567,romananna@example.org
600,fF284beE35bBA83,Rebecca Beasley,Hessport,126-787-7498,kristinasantos@example.net
601,ABf7325Ecd6bcbC,Kristie Good,Tamarastad,(921)883-5194x519,leachalicia@example.com
602,ec2Cc8fbFBF8F8D,Natalie Velasquez,Lake Leroyview,+1-408-185-3192x61329,bbarnett@example.org
603,D25eCcABfFE4C5c,Dominic Friedman,North Jimmy,222.140.6767,hancockpaige@example.org
604,B3cc4415Cf3aDeC,Molly Ashley,Brettfurt,176-413-5965,susanyu@example.org
605,BE2A1E276a26bA1,Kristin Wang,South Virginiabury,+1-591-330-0881x096,cristiannicholson@example.org
606,65C7BEd9cb1B8aA,Rick Chavez,Xavierland,307-237-1729x611,katelynpowell@example.org
607,4bB94aac5333AE1,Wyatt Bennett,Priscillafurt,(660)985-6858,mcneildonald@example.net
608,CDeF8A60Fb7A1Cc,Meagan Roth,Andreaview,(498)760-9791,wilkinsalicia@example.org
609,E3f1FCb09027344,Lisa Roy,Sherylburgh,001-843-757-8991x4644,schroedereileen@example.com
610,Ce4A51f46CD8379,Marie Bautista,Levineville,945-623-0355,smithluis@example.org
611,EF07DC6caA5D31F,Rita Walsh,West Seanborough,4732944522,udonaldson@example.org
612,0CfCCfc4617b8fd,Howard Sosa,Port Bethchester,574.033.2464x8931,joshuawhitehead@example.net
613,EAebe71E9B4F8ca,Kenneth Middleton,Sherritown,-8264,leonard98@example.com
614,59F389BC8b480eC,Katelyn Burns,Hernandezstad,+1-166-938-8350x666,johnswesley@example.net
615,5f4B1F99D8EfDf1,Douglas Ellis,Jensenport,001-296-660-8835x393,zoeknight@example.com
616,35b3eD70Ba7bfF9,Rickey Sims,Cassandraport,405-736-1929x0513,yolanda29@example.net
617,44bCffc462bAA63,Tammy Delacruz,Barbaraton,064.875.1370x536,dwaynemay@example.net
618,20E292e52B978EA,Mallory Warner,Floresstad,001-035-079-7971,migueljordan@example.net
619,936CC4d80a9960F,Charlene Abbott,Lake Gail,381.196.5445x1259,morganoscar@example.net
620,5E5dbe677C8Da1D,Bailey Bonilla,South Lawrence,888-083-4857x55487,bishopdesiree@example.net
621,15AB971997BFF3b,Jody Carlson,Gallowaymouth,792-307-0981,olivia64@example.net
622,BD4D1Ce1cE4daA3,Theresa Zavala,Jeromeborough,511-014-2837,gallagheraimee@example.net
623,eCD633518f1E6ed,Darlene Underwood,Beverlyside,(944)679-9958,geoffrey78@example.org
624,73d4A6193AAEcCC,Amanda Glover,Port Leonmouth,130-025-6925x8679,alexis67@example.org
625,FE85af8035F58c4,Vickie Mcgee,West Latashaside,(715)294-1184,sierrapearson@example.com
626,b05b2FcafF87ebe,Laurie Wallace,Silvaview,(877)569-9497,christopher36@example.org
627,10a20299ba5e079,Fernando Escobar,Lake Alexandra,9140509503,alejandro98@example.net
628,19Fed9aFBA694a3,George Maynard,East Steven,198.739.3494,gromero@example.org
629,596B7256a000033,Samuel Glover,West Karina,(641)222-9987,conradalvin@example.net
630,A4E3D5AD1895c5C,Heidi Brock,Billberg,+1-426-121-0097x92962,kelly77@example.com
631,a6eC59c6f5e5B25,Bill Pierce,Lake Karenfurt,045-103-7446x898,walter50@example.org
632,8bC1dECdBE9C486,Max Hanson,South Mikayla,707.325.1888x302,dylanmccall@example.com
633,a48c52e71Fe4BFC,Alexander Benjamin,Hayeston,(750)097-3334x63532,mtaylor@example.net
634,EB191EA73E73195,Kelly Gentry,Port Angela,(555)080-0183x3616,pamelamueller@example.org
635,cFa41AC8D3DFbbd,Brett Petersen,North Cassandraborough,(872)955-3824x933,garrett10@example.net
636,FbB1eCd50d46bbf,Lorraine Miles,Christensenborough,001-254-029-8422x633,wiseroberta@example.com
637,D2A1597db9DD6cb,Heidi Berger,East Chris,6263040526,graycarrie@example.net
638,f4EfF9e2fc4D0bC,Jaime Kelley,South Isaac,001-822-411-1494x3587,onealstephen@example.com
639,CBA7CBab9Dfeabe,Brittany Conner,East Yesenia,-9856,jennaguerra@example.com
640,FFB77320B39ea0E,Christy Martin,East Traceymouth,737.858.9707x96904,cassandrafrazier@example.com
641,C8F6080ebFbAf2E,Regina Sims,Elijahfort,+1-732-469-6082x930,breanna42@example.org
642,4aFFB7eC9bd16fc,Ariel Bean,Vincentfurt,+1-431-536-3865x4539,imitchell@example.com
643,C8CB3Df525208B3,Troy Weeks,Lake Isaacstad,(875)476-7388x01659,elliscandice@example.com
644,Bd6E5AeDB8b0B85,Carrie Gomez,Ralphbury,(958)325-4522x0302,cristinalevine@example.org
645,eEd90E2BE67cfEa,Norman Lambert,Kennethtown,214-802-8294x73144,ibarrajasmin@example.org
646,eB4dd4CFf58a92c,Vernon Lara,Port Cheryl,+1-647-412-6694x936,michellecunningham@example.net
647,4da9465cBbcd1a9,Shaun Robertson,South Katelynton,2140198782,collinskyle@example.org
648,1c4a1Fb8Edf68Bd,Sheila Pace,New Steven,+1-232-944-9856x0325,bvalentine@example.net
649,8FB6bFbdf6d5AFD,Diamond Huber,Lake Tracy,240.542.9508,kathleenlivingston@example.net
650,EcF5c3AAa4aBB82,Bryan Oconnell,Darrenfurt,(624)931-9690x37093,rebecca49@example.org
651,F16DDAAEF9Aa1E9,Chelsea Fitzpatrick,Lake Jennifer,-6707,sandyandrade@example.com
652,A3C384EB6F44Fc9,Emma Jenkins,West Claytonmouth,215-204-9440x38332,betty89@example.net
653,BA9FCDFCed8a434,Elijah Roberts,New Susanview,261.518.3562x193,janet65@example.com
654,77F47E08CfbCa65,Darren Hamilton,New Rayville,+1-286-378-9964x78084,kaylee41@example.com
655,3ACACCEa43cc701,Alicia Orr,East Stuart,2473259399,mindy66@example.org
656,5b8EC2B3CE232Dc,Christina Barnett,Odonnellburgh,961.827.9503,spencerdean@example.net
657,A93DD75a1B1aC2a,Tabitha Beltran,New Jordanhaven,595.653.8428,morsebernard@example.net
658,45a386F7a80Cdbe,Sarah Schroeder,North Logan,001-263-548-5170x41515,gabriella52@example.com
659,F16A25630bcb0CC,Katrina Jordan,New Kara,789.800.4253x0894,joel78@example.com
660,7D5A42fDBCE5D17,Sophia Harris,Bairdton,5441639643,koneal@example.net
661,f11201935b4Aaa6,Brady Coffey,Ewingtown,010-361-9620x13266,uharrell@example.org
662,f1433fdBF2aF214,Kristie Cameron,South Javierberg,233-072-2674,achristensen@example.com
663,7f988e027112551,Tracy Yang,Lake Dale,345-714-8209x42069,daringonzales@example.com
664,0dF8df0E0e1Cf4B,Hayley Hess,Lake Austin,001-206-916-4788,tranpatty@example.org
665,edf83d698CAcdD2,Joanne Moody,Kennedymouth,4008095210,alexandersantiago@example.net
666,Ca53B9d7EdF83EE,Rick Shields,Johnstonville,001-578-875-4590,gentryaustin@example.net
667,eBD1d5A9cc662a3,Jo Harris,Rowlandview,(844)655-1890,kristatorres@example.net
668,0Aa56ae7D7fe82f,Yvette Barrett,Port Kerriberg,+1-104-262-6571x2783,michaelawillis@example.net
669,f50FBaf6A949269,Autumn Avila,Hendrixport,(162)296-2950,harringtonjames@example.net
670,3cB04beBeCd2daa,Eduardo Maldonado,Matthewfurt,125-420-8850,jbuchanan@example.com
671,F593F1abdecC4bc,Shari Gillespie,Diazberg,+1-433-681-7720x437,terrenceware@example.net
672,79fBAFAdA0Cc4c3,Caitlyn Webb,Port Stanleyland,(291)707-9579x2558,jhancock@example.com
673,CE058D7DB97D0Df,Cathy Gallagher,Bondshire,654-490-7760,lwalker@example.org
674,Fd8ad0F0ff47bAd,Morgan Spears,Darrellstad,9860888302,miaward@example.com
675,6F140eDaa8EaBfF,Bianca Merritt,West Luketon,889-865-0121,danawatts@example.com
676,cFeE691ffA1c254,Kenneth Sanchez,Loweryfort,367.457.3561x85144,rhondakrause@example.net
677,C4D0eeca81999E0,David Skinner,Nicolemouth,001-582-848-2323,stacy04@example.net
678,F73c1acfEabbe77,Caitlin Hoffman,North Rose,437-026-0338,richshari@example.com
679,CB7Bb6f8B855dD7,Peggy Moore,Branchtown,894.950.5554x0826,bvaughn@example.com
680,fD9d0F38eFBa56B,Doris Larsen,West Katieville,(777)833-9536,ewatts@example.com
681,203e2beE6cc7d3b,Mercedes Potts,New Rachaelshire,294-609-5119,virginiarichard@example.com
682,7f1600A9e94BcDB,Craig Duffy,West Graceburgh,001-346-209-9798,jeffersonbrittney@example.net
683,bC702C45cBCCa3F,Tami Patton,Lake Eddiebury,936.049.2941,blackburnmiranda@example.net
684,7d36C7aBBbf4b83,Erik Summers,Jeromefurt,(675)861-9186x42301,woodarddarryl@example.com
685,7333106C93e179c,Theresa Cantrell,Lake Allisonchester,001-556-800-7888,qcraig@example.com
686,dBF044bC70d8afd,Kendra Bird,New Ernestbury,+1-747-531-3558x936,yhubbard@example.com
687,80e5d8dD8aFAdcb,Heidi Odonnell,New Edward,866-536-9033x4711,lambdennis@example.org
688,8CaBCcBfccaacb0,Regina Green,Carlyside,(836)243-2400x75048,earlbenson@example.net
689,FF2F15A0c3e6Df6,Betty Quinn,North Herbert,(261)395-6954,cherylhuang@example.org
690,eBc8c80DF2ca986,Mariah Woodard,Hunterborough,392-470-2642x33662,madison48@example.com
691,caEcaEe8b14Cfae,Emily Molina,South Jeremy,+1-469-192-3212x9080,xrusso@example.net
692,C7e5E19673db661,Kristine Dyer,Laurachester,(444)884-1054,autumn44@example.org
693,7EDC571BC5fb2Cc,Brad Crosby,Knappstad,864.929.4371,ydillon@example.net
694,1D2cA9eDfc7aAAC,Drew Beck,Millsland,+1-787-518-8961x01222,evelyn76@example.org
695,6EEacA1cC73fDba,Blake Whitehead,West Tanyafurt,3271074311,wrush@example.net
696,acf2a33A8Fc3Cd9,Maureen Flores,West Michealport,(279)026-3675x04281,terrancegordon@example.com
697,1B7E5A3B1837BF8,Monica Santos,Eileentown,-1170,douglasmorrison@example.org
698,f430E7D24D8CdD5,Brittney Stephens,East Carolynport,(208)033-3905x49185,jaredgallagher@example.net
699,d5DEd272fDF5bEA,Aaron Little,North Donaldborough,001-721-367-2584x508,mitchell36@example.com
700,BCe1cA2aF4dc7Df,Leon Duarte,Gavinmouth,(263)422-6089,estradasusan@example.org
701,59b8B645CDe6e88,Frances Harrell,New Amandafurt,379.231.6235x5897,fieldstanya@example.net
702,e5b56663E1207cF,Anthony Ross,Lake Jasminchester,760-584-2951x865,onewman@example.com
703,A4bD25aEFeB33fa,Alejandra Esparza,Mckenziebury,879.186.9242x3124,rhines@example.com
704,6dc774AEa44FFea,Angelica Lynn,East Lee,001-890-636-4631x405,odennis@example.net
705,84b2ad43250301f,Tara Moody,South Meaganstad,001-543-900-2861x7398,huntjohn@example.com
706,5E0A3C8fe14c45e,Patrick Landry,Tranmouth,369-852-5458x093,garciaeduardo@example.net
707,2d4bFC48Fa759eC,Claire Esparza,Acevedobury,070-373-7500x981,maysmelvin@example.org
708,2bA0A8BBbAEFF68,Evan Sheppard,Laurenbury,572.316.2027x103,pnovak@example.com
709,cA10A9202e6bA2D,Claire Thornton,Lake Katelynview,+1-360-849-5877x978,fernando64@example.com
710,1edDB7AddBB3e9E,Richard Rocha,West Mariah,804.289.3655x00467,scrosby@example.com
711,ab2c4afC563bDc6,Kent Flowers,West Jeff,001-176-702-1902x2676,warejoanna@example.net
712,F7bf5c95e39b7BE,Jane Zamora,Kristiville,131.546.8652,vanessa70@example.com
713,B117Cee2EEa4125,Rita Sweeney,New Mitchellview,+1-640-638-1206x075,jessica23@example.com
714,8b0bC617a6a50Dc,Leah Mcfarland,Sawyerstad,000-226-3789x2350,lauriehudson@example.com
715,8aa995c7659BC9C,Vincent Schmidt,Hendricksmouth,001-136-483-5184,krausejo@example.net
716,C54D6636EBAAD95,Ronnie Hurley,East Geraldberg,+1-126-628-2160x7655,cathycalhoun@example.com
717,FB6Fdd4Ff910aeE,Audrey Burke,Hendrickschester,(783)972-1226x6445,jocelyn06@example.org
718,029daB8F128B645,Javier Mata,East Benjaminville,+1-471-180-1992x400,melvin39@example.org
719,fAe6254d1E37D0d,Cassie Price,Cindyberg,985.118.4184x45627,barbarakrause@example.org
720,5FAaf91AF4cb9d0,Julian Zuniga,Mcclainbury,+1-530-371-9041x9526,michealfrazier@example.net
721,AA8CB54E5bE8f7f,Carla Ramos,Dawnfurt,956.128.8914,rayblackwell@example.net
722,BC35A8dAaE8A73e,Elizabeth Pearson,Lake Tashaport,746123720,lisaflynn@example.org
723,A8DcFC5bC8276BD,Lorraine Carney,Gentrymouth,001-944-627-0612x59599,katherine31@example.com
724,E15806c8d7dE468,Joanna Kaiser,Port Alyssa,694-662-0505x445,denise90@example.org
725,D25CCce21EFbe7F,Johnny Daugherty,Port Debra,1322562407,valdezdana@example.org
726,7e9af03228B5Cb9,Gabriel Bird,South Sheilaberg,115-459-8166,jeaton@example.com
727,FAbE465EA20A1Ba,Bianca Becker,Perryville,+1-470-749-9289x41694,chloeray@example.com
728,d2fFe97a32647f6,Reginald Roach,Ibarratown,+1-565-673-5509x055,parsonsrussell@example.org
729,f2659f09BB9d186,Kimberly Kirby,Starkchester,001-772-704-4112,xcabrera@example.com
730,c9b482D7aa3e682,Lonnie Duke,Lake Jeffbury,982.692.6257,kevinkramer@example.net
731,ac9A8cBf5e8EAEd,Kelli Koch,Tracytown,655-893-0611,dherring@example.net
732,bF6e50d8Ca9f8F9,Jo Kidd,Chanborough,-8678,sherrybenton@example.org
733,A20150cA0966CAF,Diana Rivera,Port Tim,313-137-7706x08535,malikglass@example.net
734,FF932e2bcccb9B2,Allen Fitzgerald,West Guy,+1-578-032-3490x96379,sherylclay@example.org
735,9BF53D7DcabdAA7,Leonard Wallace,Port Jeremy,+1-625-761-5927x0104,knightmiguel@example.com
736,5A3147D0A0b5eFa,Arthur Pugh,East Emma,436.435.5330x0823,charlesjanet@example.com
737,a2110859fEdbcaB,Dwayne Bauer,Paceberg,275.334.6221,meagan80@example.org
738,BBa02EC792cfFf3,Heidi Avila,Pearsonville,5209615749,willisannette@example.org
739,BF2d1D6E5bacaBC,Franklin Key,West Bailey,001-685-136-9655,bridget79@example.org
740,d8D3Ed36fa630bE,Sergio Rangel,New Danielport,001-246-522-7417x131,catherineholden@example.com
741,b0E2bF69efAB9c5,Gina David,Priscillafurt,7232082848,barrleroy@example.org
742,95e04B535D8e8CC,Mike Baldwin,West Ellen,(823)052-4385,rchaney@example.org
743,8019a2FFb2c0a3B,Holly Burnett,Reeseville,+1-354-236-4731x8186,lindsey59@example.com
744,de8Bb8dEa84d29F,Jenna Dawson,West Savannahburgh,343.808.8794,ngrimes@example.com
745,79e8a7A269f890d,Catherine Bryan,Spearsburgh,-4993,prestonmiranda@example.org
746,e80Fa1FFD1Eb46A,Jerome Dougherty,Jerrymouth,695-903-9909x6258,fernandomason@example.net
747,CEa30100D11C420,Wayne Zhang,Frostbury,000.937.6100,imccullough@example.net
748,Ab9bBff60787e3A,Blake Duke,East Devin,001-620-603-6438,shawn86@example.com
749,eaAda801D24C59C,Rick Mosley,North Ellen,226-772-8465x83216,howardariel@example.com
750,f18c18ab8Ab27Fc,Reginald Howard,East Terri,001-944-928-2350x1413,lindseyleblanc@example.com
751,43A1757E8DbA223,Chad Manning,North Janetton,+1-119-052-8161x077,lhuffman@example.org
752,Fb9178FdC2CEE3d,Wayne Velazquez,Ralphchester,009.260.4863x0650,tanyaromero@example.net
753,A97F9D0BFde1565,Darren Lowery,Wallton,7790359292,bhaney@example.org
754,0AbaC4a6BB81Ab6,Perry Wright,Spenceton,724-776-4268,joseph15@example.com
755,E28aB037BCbdE2a,Mandy Gregory,Hammondtown,292.054.2991x8638,spearssonya@example.org
756,Eb6Cd01A17a5a56,Tammie Neal,Jodystad,470.600.5119,norma12@example.net
757,cCbd920BE02ee0F,Wayne Guzman,Emilyburgh,001-433-809-2376x5082,suzannemaxwell@example.org
758,B5709aba28899e6,Whitney Wang,North Tim,272-667-4615,fullerstuart@example.net
759,FBe8a925400f4f4,Cassie Moore,Bakerhaven,724-657-4870,shahphyllis@example.org
760,F2aEDA5F5fc0685,Regina Carlson,Vickiefurt,914.173.9346,lauren11@example.org
761,eABE50FeE6c751b,Jason Downs,New Jaredmouth,(953)294-7560x96973,lhooper@example.org
762,d7669B20ebC9A2e,Jose Kemp,East Latasha,604-376-7838x28616,beverlyhawkins@example.com
763,424F7Df575a3065,Joy Meadows,Burchborough,(556)086-8977x05405,nathanibarra@example.com
764,Bebf9fB917CFc6a,Renee Bowen,Jimfurt,001-699-885-6247x42962,tknapp@example.org
765,fe01EF29A34aF99,Julian Pennington,Wallschester,001-657-886-8019x3397,kingabigail@example.com
766,faCaD334e8Eef84,Pam Jennings,Hubertown,(756)056-8238x253,alisha35@example.com
767,F32De403D1DBac2,Julie Mckay,Nortonland,+1-109-323-9655x934,cathy34@example.com
768,7740F2cBCaEB2fC,Jodi Pena,Kristieshire,(297)816-7270,cannondean@example.net
769,7502B47999fF8ED,Mason Compton,Port Jim,001-166-175-2915,vmunoz@example.net
770,C5BAe1ADD5986cE,Frederick Perry,Lake Mia,001-610-348-0297x03252,kristinerodgers@example.com
771,dC121D6cCe812fa,Sheena Crawford,Morganfurt,570-822-0078x900,miranda19@example.org
772,6f9fcADee67c713,Katelyn Henderson,Bryantown,(288)627-9659x909,gpatterson@example.org
773,5DACBefF884DffE,Bobby Patterson,West Marvin,335-405-4928x873,alicejoyce@example.net
774,db90E7B9FF2A9C0,Marvin Steele,South Melissa,(914)051-9227,lukefuentes@example.com
775,5CAbD9dF096Aa13,Katrina Woods,South Brandimouth,001-588-469-9770x4897,haileydurham@example.org
776,fcfDa2eC50ae07C,Rachael Delgado,South Isabellaberg,456.693.5786x36552,kristinedaniels@example.org
777,Ed91fA258936EC5,Alexandra Ward,Carlsonchester,767.884.8252x262,lzhang@example.com
778,F5a33C77aA390AC,Darlene Mcdonald,Downsside,001-198-899-8777x517,katiehurley@example.org
779,cdD4Ee6be68BADD,Morgan Luna,Parkerland,+1-990-138-6017x238,zaustin@example.org
780,e8Cb6Bc924f9FDe,Vernon Hancock,Stacyfort,577-438-8617x3980,simmonsrickey@example.net
781,dF4FDB4BDAA5f8f,Robyn Richardson,New Brandonside,699-844-6839,alishasmith@example.net
782,6aBba43CE031E14,Vanessa Fischer,Mathewstad,001-062-393-4265x0986,kyliegill@example.com
783,Dba3CD8ABD2D807,Heidi Roman,Port Greg,511.086.7178,jasmine45@example.com
784,231cA50d1fBAC0f,Kristen Brewer,North Cody,2931481645,yatesjoy@example.com
785,9eD7FFd12eDFaCe,Jean Browning,East Geoffrey,081.103.9205x63568,clineangela@example.net
786,7Cd475256fF1D28,Lawrence Gregory,Carneyshire,969662902,yolanda30@example.com
787,FFdAE44a6E3A64C,Christine Payne,Lake Andrestown,+1-656-627-9739x10338,ihouse@example.org
788,27eeC47948DFD15,Barbara Ramirez,Lake Dwayne,956-042-9355x04371,kiddmakayla@example.com
789,f7B611b1acC1564,Ruben Hammond,Port Carrie,001-899-366-2788x46956,delgadodarren@example.com
790,A4D53a3EfCfcAcB,Donald Nash,West Sabrina,412-275-7723x5364,albertsummers@example.net
791,668E9F3f3fbfD6f,Angelica Anthony,Port Bettyburgh,(396)368-5082,andre30@example.org
792,4A9BA13acFe3dB1,Claire Glass,Lynnside,263-938-1564x0528,vanessacox@example.com
793,e1835eA12f669Ab,Leslie Curry,New Ivanton,(812)017-6908,mike30@example.org
794,Da915B5ed8D97d4,Calvin Thomas,Steveside,807-969-6087x54319,munozglenda@example.com
795,caDAddce68a5E34,Makayla Boyer,West Jerome,(790)820-3408x83559,claire28@example.org
796,5150EF9E1cfceb2,Caitlyn Bass,Boltonfurt,+1-842-242-5690x30077,xjohns@example.com
797,3fEA9f572A3af9D,Tony Holmes,Savageburgh,+1-238-082-1116x730,alecblake@example.org
798,7b8cD5a408faDB0,Lydia Cisneros,Lake Shawna,778-379-1284x893,phillipspence@example.net
799,a1169FdfbB173E8,Debra Knight,New Kellistad,661-621-6341x47106,hhayden@example.net
800,d267aDd8B64dE78,Garrett Barber,West Briannaville,084-860-0445,dwayne48@example.net
801,Dea7Ff4d68c0FD3,Annette Grant,Port Clintonmouth,555.374.1073x433,jakerichard@example.org
802,d2DEaD9fd0ac7EC,Todd Blackburn,Lake Mackenzie,109-131-3098,bowengerald@example.com
803,ee4aB7cf0f5c058,Xavier Ray,Port Glendaland,(780)487-3781x16548,tommy55@example.net
804,c96f6E281e57197,Gilbert Wilcox,Kimside,009-993-1736x5806,elynch@example.com
805,18941F347C6EFd2,Frances Gilbert,New Michelehaven,906.240.9278,stacey22@example.com
806,25Eeca12Af6dc9b,Eduardo Whitehead,Lake Paula,626.594.8169x676,riveratracy@example.org
807,d9dD13F72DeBEFc,Jillian Valenzuela,West Kristi,(768)336-1702,robinsontaylor@example.net
808,acF9EcCcB6aa19F,Jenna Atkins,Port Catherine,+1-416-626-8025x601,janicerodriguez@example.com
809,A04BcfcDF9FeB1e,Chelsey Martinez,East Shirleyside,263-711-2288x474,daniellestanley@example.org
810,DC89eCAd3e29B64,Ebony Harmon,South Shari,778-994-7847x0149,guyroberson@example.net
811,d9cdb1B50b11E0a,Grace Underwood,Carrieberg,229-769-5865,tiffanymaxwell@example.net
812,D4cd00da652b525,Harry Conrad,Jimbury,383.013.6115x26877,raymonddickerson@example.net
813,d0Fd08CEbA41c09,Rebekah Koch,South Annchester,754-427-9326,livingstonrandy@example.com
814,e96B00Ea1A4AfEb,Jody Nguyen,Velasqueztown,001-874-856-8543x207,birdchristine@example.net
815,cfd7AbC9Fda5B0d,Caleb Erickson,Chavezchester,974.885.8549x176,zimmermanchelsea@example.org
816,a691dFeB0E93d4d,Katie Gamble,North Warrenport,3033546235,marshallmary@example.com
817,71F739A38d5D85A,Patricia Lane,Caseburgh,(344)179-0208x5245,wolfeshelby@example.org
818,8C68f3F7fCdE854,Dorothy Shannon,Sharphaven,053-739-1357x12643,tonya08@example.org
819,9dD0fA3FA742F6e,Dominic Moran,Levinetown,001-803-340-4079x76935,gavinyork@example.org
820,bd0E4aCa6c9Ff6b,Virginia Tate,Sarahmouth,+1-687-384-9970x252,zcortez@example.com
821,2d5C3dc437CF74c,Terrance Hubbard,Port Tiffanyview,001-046-232-8317x1629,katienoble@example.org
822,D8A160cFf6B758C,Paula Daniels,New Bob,9035524996,baileybarron@example.net
823,ca405D00cbffbB0,Steve Peck,Annettebury,726-123-5829,nicole39@example.org
824,031EEefB0f3f0C0,Franklin Conley,Pedrofort,373-629-5692x404,carlos21@example.org
825,c04a307Bf53C5a5,Mary Aguirre,North Mariah,(242)573-5402x0614,djordan@example.net
826,9A6ef2C5f4192B9,Krista Alexander,Wayneberg,+1-996-191-5230x491,raymartin@example.org
827,bC9AF9CD40dB26C,Tim Frey,Jimmytown,532-779-2449,kiddbryce@example.net
828,e08F4F30bB170cb,Shane Mcgrath,North Candice,(825)855-7424,latoya41@example.org
829,43CdFBDc5D631BB,Sonya Nixon,Alvaradostad,+1-403-567-3546x275,allisoncoleman@example.org
830,C373a6DfE147b59,Diana Burnett,Anthonyview,184-399-4232x775,griffinadam@example.net
831,feAb6AB57dE8DB3,Kirk Stanton,Lake Gregg,057.846.9210x0614,fcantrell@example.org
832,b6A2C01C4d6c9a0,Toni Kline,Hoshire,(052)232-0502x8854,shouse@example.net
833,0e0E47F5b9AbdDe,Sonya Flowers,North Darylfurt,001-187-987-7783,novakleroy@example.com
834,bc4EAf173C2e2cc,Stuart Kim,Port Bradleyland,975.738.3349x314,chrismcknight@example.net
835,7EAB1b223De8c22,Margaret Wang,Mckinneyberg,+1-505-978-8290x492,dfrost@example.net
836,0CFcdEe5cbBdA0c,Fred Dennis,Barreraberg,8401850249,littlecesar@example.com
837,8fB74AeAa3e1a76,Becky Jimenez,Julianside,738.477.2975x46975,coreysavage@example.com
838,c03baDebc04ba3D,Mark Donovan,Shawnaport,001-711-429-9158x6035,lorraineellison@example.org
839,132E21CcB3fC9a9,Terri Brock,Carlyburgh,1102858120,hooperashley@example.net
840,fcFEBc4ba91Bff1,Jorge Flynn,Hayesfurt,900.932.9738x235,bvillanueva@example.com
841,dEcBC02d0DF5A2E,Jean Harding,New Sergiohaven,011.396.7875x37387,dodsonmelody@example.com
842,A611B2d0cbD23bB,Laura Horton,South Cherylview,281801251,owensdanny@example.org
843,BA364F4E2bF880b,Carlos Ramos,Osborneton,501.619.3807x59327,rita22@example.org
844,f06cFfc4ca098f7,Norman Fritz,Rubenchester,-9975,bryanalejandra@example.com
845,77fd54b78285efa,Dana Hayes,Traceybury,686.995.9817,uhale@example.org
846,aCabfCFCCa9fB2c,Jonathon Holden,Lake Evanberg,391-326-9848x09874,melodyrichardson@example.net
847,4Fc2781bb90980C,David Garcia,South Alejandro,473-521-1775x077,keithjacobson@example.org
848,d599aCa3193b446,Javier Camacho,South Alan,9906067193,shannonthompson@example.com
849,Ccba2A606527545,Shelley Barajas,East Kent,(821)711-5848,pateldennis@example.org
850,D2fc9aAf83C9E8d,Jerry Mooney,Neilchester,634-047-2701x91442,courtneybullock@example.net
851,fB2Ae2Ca0AEFaa0,Gwendolyn Lane,Hollyshire,115-751-4099,dberg@example.org
852,F5bEe8FcBf4ccc9,Jon Soto,Guerreroville,(358)587-9630,hrobbins@example.net
853,Da9eec47EAb83AA,Melody Hebert,Lake Shelbyport,+1-725-026-5641x373,cohenbonnie@example.org
854,89F06B3fA6caF36,Gloria Allison,New Cassieport,409.930.8937,dtorres@example.net
855,5BAA7F0Bf70A588,Kristi Orr,Amandaburgh,(830)679-1944,ashley82@example.org
856,Ed6dcecd37Fc4d0,Bethany Olson,New Emily,6097713760,rose29@example.net
857,3f66552DA64B9AC,Holly Cisneros,Meyermouth,001-673-249-3523x21337,brandyward@example.com
858,F2D75c64c1dBC4e,Stuart Tapia,Mathisport,780-216-7444x013,destinydean@example.com
859,f45723A3eab55fb,Kaylee Meyers,North Terriberg,(684)253-6679x4634,cameron76@example.com
860,f4c82B1EDBe3a19,Ricardo Washington,New Carol,710-080-9153,wlester@example.com
861,e4BC290cda6E2b4,Roberto Frey,Connieborough,304-888-7577x065,stoneherbert@example.com
862,Ecd8EF1bE3A5F3B,Doris Coleman,New Kayla,(934)889-1519x161,gilbert18@example.org
863,D4eEb4d79D28F5D,Nancy Reese,Garrettmouth,001-237-052-1052,tonya44@example.net
864,Bba2ac9fC7CdfC4,Juan Pratt,North Arianatown,(768)620-8511x7858,michael11@example.org
865,F5D5aDBEBCFd47D,Marvin Li,Charlenehaven,185.798.1904,max62@example.org
866,9637A7c8840FbdD,Angela Novak,South Makayla,-10498,briana22@example.org
867,a2CffC07D6ee278,Bradley Miller,West Justinton,439-095-8164x106,kayla45@example.com
868,F6DA88Bf5aEAef9,Jaclyn Duke,Port Carolborough,+1-473-628-1454x706,dominicavila@example.org
869,bB9D1eC2d6CEF3f,Leon Farrell,Port Lauratown,001-665-191-3219,rosariojean@example.org
870,BE9Bab7Ff9B020D,Katrina Duncan,East Tammie,001-949-240-9597x151,charlesgerald@example.org
871,D7A4cDC318400a9,Savannah Marsh,Chenbury,+1-356-433-2853x10497,wesleycontreras@example.com
872,6dEd664A81d9726,Cristian Hansen,Skinnermouth,(378)127-6068,jcaldwell@example.net
873,89D9ED9f397ccdF,Jasmine Mcdaniel,Juarezburgh,-1574,rita98@example.net
874,10378DebBF35f3b,Wendy Ware,East Judy,869-150-0627x4703,tamisalazar@example.net
875,8ABEFBfec676eAE,Leroy Ramsey,Dustinfurt,092.985.5153,aaronhatfield@example.net
876,aF7fB3051A6f821,Natalie Owens,West Franciscoview,949-408-3117x9847,suzannebradshaw@example.net
877,54B827E53Aaad1B,Craig Olson,New Sherrimouth,495.801.0696,bmoreno@example.org
878,eE49Ce572F490dB,Patrick Wallace,West Alec,196.892.9479x1260,mitchelljenna@example.com
879,0c6D5FE391DDDfF,Ivan Newton,North Jerryberg,297-274-5014x73862,charlesalexis@example.org
880,cC7cc25dDF9Bc7c,Cody Stafford,Sellersview,(145)206-5183x120,cfitzgerald@example.net
881,B7Bfd6CCb6e3550,Sonia Hendricks,Vickieside,001-699-014-2260x68707,judywagner@example.org
882,B2fF6d256E04A02,Bill Glass,Lake Douglas,305.824.1054,gabrielgriffith@example.net
883,bEB9A8E7cd5fe09,Rebecca Nolan,Johnathanside,001-746-306-5874x1736,rmclaughlin@example.com
884,9ED6A10458B20F4,Daniel Braun,Billyberg,693.085.5807x70222,pedrocordova@example.org
885,Ad4fadaAcC5DA35,April Mcdaniel,East Brendafurt,001-375-664-6733x1057,coopercarly@example.org
886,65c20c729B2dcF8,Curtis Saunders,East Mathew,647-107-8861,daisy37@example.org
887,5E6Db13AF3bddfD,Haley Pineda,North Greggborough,001-240-941-6518x58690,roberta60@example.com
888,CF55FFa5ff58adC,Brad Lynch,Port Cristian,+1-563-119-8610x103,warrensalazar@example.org
889,aEf0fE6aF07daCF,Ashlee Snow,Silvaport,001-260-870-9847,frose@example.com
890,4835cD2367aaa0c,Malik Tate,Johnathanshire,454.215.0191,pedro07@example.org
891,C3c29A0dEb9Cfdd,Cristina Berry,Oneillside,369-715-4082,cspencer@example.org
892,9Eb756Bd5F867Ee,Malik Bruce,Sherrymouth,001-665-942-5937x733,gortega@example.com
893,d0a4Fd80e3e6cc7,Tonya Barrett,East Shelleychester,664.355.3612x031,cameronsandoval@example.net
894,9ef55AFab0FB5d1,Gabrielle Knox,North Virginiamouth,629.764.8417,chaneyshaun@example.com
895,Dbc452Be6ba20d0,Darlene Sheppard,Shafferchester,439.504.4293,hannahclark@example.net
896,D1F81074fB19eF6,Dominique Mendez,Williamsside,(250)964-1212x08050,nbullock@example.org
897,013C5edC3dc4dF8,Ronnie David,Hancocktown,(303)232-2425x124,cskinner@example.com
898,510DAC1BE6C39ef,Gabriella Pena,Townsendland,684-789-9132x271,erikahansen@example.org
899,85bfcA8E16fAFde,Cindy Washington,Weberstad,+1-724-220-9443x27366,pettylevi@example.org
900,15fDd48A41eCcd0,Cristina Arroyo,Lake Michaela,345-586-2372,patrickgriffin@example.org
901,EABBd81DFeeD7ab,Tracie Trevino,Port Saramouth,364.579.0496x4459,dominicochoa@example.com
902,830EfF83609B48C,Alyssa Robles,East Brianhaven,939-220-4965x592,mendezbrenda@example.com
903,8BAf5f1Cfc14dBa,Marco Shannon,Brianville,920.684.2715x47352,ltate@example.com
904,1ECBd9199A91b6e,Megan Chavez,New Mario,001-442-173-5753x43353,manuel74@example.net
905,9DDa9FF9FdBfC66,Francisco Fox,Port Isabelfort,+1-781-671-5355x6321,iflynn@example.org
906,b83e0c3c1B1dE27,Martha Lin,Leonardchester,593.328.5077x117,caitlynjoseph@example.net
907,c2f4DfEeE02d1Fa,Sarah Bautista,Isabellaburgh,(873)754-7567x954,lindseyallen@example.org
908,aC06DadA725b3Fd,Katie George,Port Selenaborough,815-913-2572x02631,sharon37@example.org
909,7c0f808CE9EEfE7,Sylvia Boyer,Tonystad,989-102-1432x311,andreadouglas@example.org
910,3b44E9b5915745f,Whitney Andrews,Kirkfort,870.261.9490,xstein@example.net
911,31FFcD6eB48E856,Michaela Calhoun,West Perry,001-855-398-7323,alejandrodiaz@example.net
912,2caCaBe9CbdFFC8,Steven Mata,South Jeanneview,365-734-2105x637,dlawson@example.com
913,7Bad31BD10CE08C,Cheryl May,Spencerton,-4132,lesliebuck@example.org
914,89D52456EC4eECE,Yolanda Wagner,Port Alexisside,045.558.9873,curtis23@example.org
915,a1Bec1eAd03bCAf,Christina Walters,North Ginashire,711-330-8727x8347,gamblebeth@example.org
916,2c1aBF56c97b969,Dustin Dyer,Port Sean,(209)121-8096x75468,dianasloan@example.com
917,ca7B27cbefCEBb0,Angel Knox,Lake Alec,001-101-460-3222x4214,calhounearl@example.com
918,C150Dc3E15e3b0A,Jill Jenkins,New Angela,295.935.4715x866,xfoster@example.org
919,aa1A1Ecb1E1661B,Gail Skinner,New Lorettatown,(286)353-1333x922,gregjenkins@example.com
920,3dCeDeb6a09408B,Suzanne Hernandez,Oscartown,056-180-5303,conraddave@example.com
921,fa1c3AABF9d6d5E,Joanne Silva,Weeksburgh,990-151-2491x459,dukestefanie@example.com
922,5Bf923A1cB6ACF3,Cole Hancock,Lorettatown,001-001-246-3557x8159,terryedwards@example.com
923,FCc1A64eF8C879e,Joshua Phillips,East Mckenzie,179-906-3305,uhampton@example.com
924,bF5721BbCd579Df,Suzanne Hendrix,West Maxwellside,-5918,lutztimothy@example.com
925,3faedEDe9A8686a,Tyler Morse,Micheletown,001-062-569-8803x495,andrewgordon@example.net
926,AcfA331E0c712AB,Debra Shields,North Brooke,066.858.9432x63929,ashleyerickson@example.com
927,fa611Ed5ccC99C8,Marie Dominguez,Leeside,(110)228-6934x756,pshea@example.org
928,30c4DEcbA34EA6f,Charles Griffith,Lake Evelyn,001-003-565-7913,jennyjuarez@example.org
929,9224fea6EB73BF1,Shari Glenn,East Kathleen,5261513548,chapmanchristie@example.org
930,467Fc9EA1Aae0AD,Stephen Callahan,Marilynland,+1-337-073-4506x5250,tony86@example.com
931,2BAe5D357b1213b,Geoffrey Booth,Lake Emma,102.021.4178,rick35@example.org
932,4DfdDfafc4Da95e,Noah Owen,New Gabrielle,(154)196-0300,omyers@example.org
933,2e1ac4F7600ceA5,Mariah Finley,Port Aimee,(340)028-1312,sergiobishop@example.org
934,b12d138244da69c,Angelica Frazier,Bryanshire,150.057.0236x586,ycervantes@example.net
935,C1d1F3BEd92F0Dd,Angel Davidson,South Jay,001-574-196-2679,qrosario@example.net
936,3eE4Dc4C8FAb1F5,Evelyn Holloway,Katherineberg,001-836-390-5198,rortega@example.net
937,3b5A0bFC0bcAaCa,Luis Neal,Lake Anthonyfurt,+1-012-941-2458x595,barnesdevon@example.net
938,0efa54b5ea1D2EE,Karla Obrien,East Gordon,(785)824-0559x39648,jenna05@example.net
939,0dFeA94c36A0085,Glenn Schaefer,Lake Tabitha,325-757-1075x1808,comptonjavier@example.org
940,4C04e80C477F6fc,Julian Andrade,West Deniseton,994.510.1820x815,stephanie90@example.org
941,dD648d068e6BA2A,Willie Mccall,South Chadview,591.770.2107x723,edrake@example.net
942,cdBFEEF00Ac3b0E,Danielle Sims,Lake Kyle,(214)263-5792,shawnahurley@example.com
943,2bDbaCfeA5dD24b,Sally Carrillo,West Deannaburgh,(118)027-7953x24931,reginaldarias@example.com
944,0bec75Ebba75267,Johnny Elliott,Lake Tyronebury,(929)860-5307x5076,isabelpoole@example.org
945,D7B72E2A09D9a3e,Janet Mckinney,New Tashaport,001-361-608-0212x399,tonyahart@example.org
946,c39CA02fba16018,Brendan Ellison,East Nicholasmouth,737-135-1185,garretttravis@example.org
947,1E5bd39FEa189Ca,Ana Rivas,Lake Wesley,130.166.5858,tinalynn@example.net
948,a3BeA53B74FAb3b,Emma Lawson,Andrewborough,302.275.2059x988,mathewbrowning@example.net
949,614f7BFDFD0eb8a,Heather Holder,North Hollyland,+1-987-838-3151x752,gregorygamble@example.com
950,22e31df46F6fCD2,Daryl Knox,Lake Jesse,235.019.9477x5740,darren75@example.org
951,aa4b6Ffcd5EA4a8,Johnny Clarke,Chrisport,(555)556-6988x21736,sophia77@example.com
952,6EE9F6c4e7E2baF,Laurie Blanchard,Danielleport,(305)180-6326x773,mosleyshannon@example.org
953,E76E7b0AccbaFfc,Malik Stanley,Lake Geoffrey,212-112-3077,cannonluke@example.net
954,41eDA1F2F3aC6eD,Mikayla Chaney,Jacquelinetown,725.610.7904x37297,hcarpenter@example.com
955,Eb26cfD1F836dBb,Tasha Ramos,Blakemouth,(509)549-6811x3594,owilson@example.com
956,eA75Ff58254E608,Travis Krause,Kristineton,(915)767-8729x2329,beverlyvelasquez@example.org
957,15AeaeA0add0f2a,Kathy Yoder,East Joseph,477-481-4501,mia15@example.org
958,f3cCaCEbcD7ECae,Charles Hubbard,New Ashleyfort,540.500.1577x120,fkemp@example.net
959,cFf7Cb8E9d87b29,Beth Moyer,Averyland,+1-143-008-7595x048,sonia19@example.org
960,e7C83084cdE54Ce,Joan Kelly,Frederickview,001-400-180-8962x830,kelsey66@example.net
961,5De2AdFAd2562e2,Don Pacheco,South Randall,001-307-844-2388x95733,alvinestes@example.com
962,32Aa87B007D3a0c,Madeline Sellers,Jasonview,-8651,darryl11@example.org
963,c5e7d7f5b6b60D3,Candice Barber,Pierceborough,918.044.5811x16137,angela51@example.net
964,BeF4EDcC9cb475F,Angel Marquez,Perryfort,348-920-7215x214,qhowell@example.net
965,401D08bA1E0f8bE,Breanna Mccullough,West Janefurt,286.971.1041,cschultz@example.org
966,bdb61a25De7a257,Cassandra Adkins,Malloryberg,(349)721-1764,alfred15@example.org
967,584e53eea9f8111,Sherry Holloway,Port Juan,(065)884-2220,mclark@example.net
968,6ae7dbDbeF0d829,Caitlyn Hubbard,Phamfort,+1-699-042-1590x381,brian39@example.net
969,dd2Ca5BbccCFEC5,Noah Lloyd,Christianstad,001-085-594-2403x244,nvaughn@example.com
970,38128d28998a9b8,Vernon Daugherty,New Melvinborough,+1-394-301-4367x02144,sergio60@example.com
971,f717C76C8B424FA,Jean Conway,Carpenterland,163.913.6483x679,emmaalvarado@example.com
972,Abb1C0C64234175,Phyllis Ray,Lake Cassandra,(149)141-7305,bhowell@example.net
973,CFd08cE1deAC2C1,Wesley Berger,Claytonhaven,739-995-5266x306,robin88@example.com
974,5cAC295A6a4ACB0,Damon Petersen,South Rodneyfort,957-423-3354x81042,tabitha49@example.com
975,F1Ba9b3cA24bea5,Tyrone Ponce,Langside,724-885-5658x9256,vincentmosley@example.net
976,18fa6d7EE8ef71f,Victor Ayers,Lucerostad,908.542.1610x0929,hkrueger@example.com
977,220243491cdFd7A,Dennis Hampton,Sawyerside,7241148148,dorothy10@example.com
978,66ce83ECBC9E077,Darius Kerr,Marilynside,302-988-4653x3347,leonardsheena@example.com
979,A40e0a3df2cF0E7,Duane English,Spencertown,-1081,noah95@example.net
980,Fa4D7Cece0D9Aa0,Jon Kaufman,Andrewschester,+1-581-867-2285x063,mathew63@example.org
981,B8b858f588605dF,Roger Hernandez,Lake Dean,001-444-261-5594,kellie94@example.com
982,323ae5fE1Cc2fdB,James Atkins,Harmonmouth,+1-262-212-1932x8501,lmckenzie@example.org
983,af0D77BeEF7A6c8,Damon Colon,Vernonville,-3086,alexisvasquez@example.com
984,7b5CfB8DdF8c5c5,Dorothy Harvey,Port Tamara,710.150.4677,kent52@example.org
985,eB90cc8dCA28Ee3,Derrick Stanton,Port Jerrybury,-9104,beasleybenjamin@example.org
986,bA8b297CbcAcdB6,Susan Clark,Brianbury,001-406-691-1535,fgallagher@example.com
987,9871eF832fab828,Lonnie Reynolds,Milesport,(644)362-3647x21326,richmondgarrett@example.org
988,ceeDdd8a6A9684d,Joshua Walker,Royport,001-698-784-8170x725,uperry@example.com
989,00ED5d507b542D1,Gavin Banks,Aguilarstad,001-010-399-4628x822,dalton42@example.com
990,1Dba7B14a3E44EE,Omar Kent,Lake Gilbertland,353-282-1442x0941,adam69@example.com
991,CBfaec1d322EBEe,Lydia Obrien,Kathrynbury,001-076-332-8351x0833,wlove@example.net
992,E6e70ad4a3d0A2c,Brittney Trevino,West Ellen,836-422-9878,melendezcharlene@example.org
993,54cC44b9D7fEDCF,Greg Chapman,Lake Manuel,469-029-3564x9081,nfisher@example.com
994,0142106d1f4CcEF,Eugene Love,Fritztown,(254)352-0160x4964,qbranch@example.com
995,E54d5DDEeE6569E,Beverly Ball,Toddstad,573-943-0389x380,charlenehuerta@example.com
996,fedF4c7Fd9e7cFa,Kurt Bryant,Porterburgh,021.775.2933,lyonsdaisy@example.net
997,ECddaFEDdEc4FAB,Donna Barry,Port Clayton,001-149-710-7799x721,dariusbryan@example.com
998,2adde51d8B8979E,Cathy Mckinney,Penaville,+1-750-774-4128x33265,georgechan@example.org
999,Fb2FE369D1E171A,Jermaine Phelps,West Ericaview,(915)292-2254,wanda04@example.net
1000,8b756f6231DDC6e,Lee Tran,Bonillamouth,079.752.5424x67259,deannablack@example.org
